code,comorbidity
A1801,AUTOIMMUNE
A1802,AUTOIMMUNE
A1884,VALVE
A3282,VALVE
A3951,VALVE
A3984,AUTOIMMUNE
A5145,LIVER_MLD
A5200,PERIVASC
A5201,PERIVASC
A5202,PERIVASC
A5203,VALVE
A5209,PERIVASC
A5274,LIVER_MLD
A5441,AUTOIMMUNE
A5442,AUTOIMMUNE
B180,LIVER_MLD
B181,LIVER_MLD
B182,LIVER_MLD
B188,LIVER_MLD
B189,LIVER_MLD
B190,LIVER_SEV
B1910,LIVER_MLD
B1911,LIVER_SEV
B1920,LIVER_MLD
B1921,LIVER_SEV
B199,LIVER_MLD
B20,AIDS
B251,LIVER_MLD
B3321,VALVE
B376,VALVE
B581,LIVER_MLD
C000,CANCER_SOLID
C001,CANCER_SOLID
C002,CANCER_SOLID
C003,CANCER_SOLID
C004,CANCER_SOLID
C005,CANCER_SOLID
C006,CANCER_SOLID
C008,CANCER_SOLID
C009,CANCER_SOLID
C01,CANCER_SOLID
C020,CANCER_SOLID
C021,CANCER_SOLID
C022,CANCER_SOLID
C023,CANCER_SOLID
C024,CANCER_SOLID
C028,CANCER_SOLID
C029,CANCER_SOLID
C030,CANCER_SOLID
C031,CANCER_SOLID
C039,CANCER_SOLID
C040,CANCER_SOLID
C041,CANCER_SOLID
C048,CANCER_SOLID
C049,CANCER_SOLID
C050,CANCER_SOLID
C051,CANCER_SOLID
C052,CANCER_SOLID
C058,CANCER_SOLID
C059,CANCER_SOLID
C060,CANCER_SOLID
C061,CANCER_SOLID
C062,CANCER_SOLID
C0680,CANCER_SOLID
C0689,CANCER_SOLID
C069,CANCER_SOLID
C07,CANCER_SOLID
C080,CANCER_SOLID
C081,CANCER_SOLID
C089,CANCER_SOLID
C090,CANCER_SOLID
C091,CANCER_SOLID
C098,CANCER_SOLID
C099,CANCER_SOLID
C100,CANCER_SOLID
C101,CANCER_SOLID
C102,CANCER_SOLID
C103,CANCER_SOLID
C104,CANCER_SOLID
C108,CANCER_SOLID
C109,CANCER_SOLID
C110,CANCER_SOLID
C111,CANCER_SOLID
C112,CANCER_SOLID
C113,CANCER_SOLID
C118,CANCER_SOLID
C119,CANCER_SOLID
C12,CANCER_SOLID
C130,CANCER_SOLID
C131,CANCER_SOLID
C132,CANCER_SOLID
C138,CANCER_SOLID
C139,CANCER_SOLID
C140,CANCER_SOLID
C142,CANCER_SOLID
C148,CANCER_SOLID
C153,CANCER_SOLID
C154,CANCER_SOLID
C155,CANCER_SOLID
C158,CANCER_SOLID
C159,CANCER_SOLID
C160,CANCER_SOLID
C161,CANCER_SOLID
C162,CANCER_SOLID
C163,CANCER_SOLID
C164,CANCER_SOLID
C165,CANCER_SOLID
C166,CANCER_SOLID
C168,CANCER_SOLID
C169,CANCER_SOLID
C170,CANCER_SOLID
C171,CANCER_SOLID
C172,CANCER_SOLID
C173,CANCER_SOLID
C178,CANCER_SOLID
C179,CANCER_SOLID
C180,CANCER_SOLID
C181,CANCER_SOLID
C182,CANCER_SOLID
C183,CANCER_SOLID
C184,CANCER_SOLID
C185,CANCER_SOLID
C186,CANCER_SOLID
C187,CANCER_SOLID
C188,CANCER_SOLID
C189,CANCER_SOLID
C19,CANCER_SOLID
C20,CANCER_SOLID
C210,CANCER_SOLID
C211,CANCER_SOLID
C212,CANCER_SOLID
C218,CANCER_SOLID
C220,CANCER_SOLID
C221,CANCER_SOLID
C222,CANCER_SOLID
C223,CANCER_SOLID
C224,CANCER_SOLID
C227,CANCER_SOLID
C228,CANCER_SOLID
C229,CANCER_SOLID
C23,CANCER_SOLID
C240,CANCER_SOLID
C241,CANCER_SOLID
C248,CANCER_SOLID
C249,CANCER_SOLID
C250,CANCER_SOLID
C251,CANCER_SOLID
C252,CANCER_SOLID
C253,CANCER_SOLID
C254,CANCER_SOLID
C257,CANCER_SOLID
C258,CANCER_SOLID
C259,CANCER_SOLID
C260,CANCER_SOLID
C261,CANCER_SOLID
C269,CANCER_SOLID
C300,CANCER_SOLID
C301,CANCER_SOLID
C310,CANCER_SOLID
C311,CANCER_SOLID
C312,CANCER_SOLID
C313,CANCER_SOLID
C318,CANCER_SOLID
C319,CANCER_SOLID
C320,CANCER_SOLID
C321,CANCER_SOLID
C322,CANCER_SOLID
C323,CANCER_SOLID
C328,CANCER_SOLID
C329,CANCER_SOLID
C33,CANCER_SOLID
C3400,CANCER_SOLID
C3401,CANCER_SOLID
C3402,CANCER_SOLID
C3410,CANCER_SOLID
C3411,CANCER_SOLID
C3412,CANCER_SOLID
C342,CANCER_SOLID
C3430,CANCER_SOLID
C3431,CANCER_SOLID
C3432,CANCER_SOLID
C3480,CANCER_SOLID
C3481,CANCER_SOLID
C3482,CANCER_SOLID
C3490,CANCER_SOLID
C3491,CANCER_SOLID
C3492,CANCER_SOLID
C37,CANCER_SOLID
C380,CANCER_SOLID
C381,CANCER_SOLID
C382,CANCER_SOLID
C383,CANCER_SOLID
C384,CANCER_SOLID
C388,CANCER_SOLID
C390,CANCER_SOLID
C399,CANCER_SOLID
C4000,CANCER_SOLID
C4001,CANCER_SOLID
C4002,CANCER_SOLID
C4010,CANCER_SOLID
C4011,CANCER_SOLID
C4012,CANCER_SOLID
C4020,CANCER_SOLID
C4021,CANCER_SOLID
C4022,CANCER_SOLID
C4030,CANCER_SOLID
C4031,CANCER_SOLID
C4032,CANCER_SOLID
C4080,CANCER_SOLID
C4081,CANCER_SOLID
C4082,CANCER_SOLID
C4090,CANCER_SOLID
C4091,CANCER_SOLID
C4092,CANCER_SOLID
C410,CANCER_SOLID
C411,CANCER_SOLID
C412,CANCER_SOLID
C413,CANCER_SOLID
C414,CANCER_SOLID
C419,CANCER_SOLID
C430,CANCER_SOLID
C4310,CANCER_SOLID
C4311,CANCER_SOLID
C43111,CANCER_SOLID
C43112,CANCER_SOLID
C4312,CANCER_SOLID
C43121,CANCER_SOLID
C43122,CANCER_SOLID
C4320,CANCER_SOLID
C4321,CANCER_SOLID
C4322,CANCER_SOLID
C4330,CANCER_SOLID
C4331,CANCER_SOLID
C4339,CANCER_SOLID
C434,CANCER_SOLID
C4351,CANCER_SOLID
C4352,CANCER_SOLID
C4359,CANCER_SOLID
C4360,CANCER_SOLID
C4361,CANCER_SOLID
C4362,CANCER_SOLID
C4370,CANCER_SOLID
C4371,CANCER_SOLID
C4372,CANCER_SOLID
C438,CANCER_SOLID
C439,CANCER_SOLID
C4400,CANCER_SOLID
C4409,CANCER_SOLID
C44101,CANCER_SOLID
C44102,CANCER_SOLID
C441021,CANCER_SOLID
C441022,CANCER_SOLID
C44109,CANCER_SOLID
C441091,CANCER_SOLID
C441092,CANCER_SOLID
C44131,CANCER_SOLID
C441321,CANCER_SOLID
C441322,CANCER_SOLID
C441391,CANCER_SOLID
C441392,CANCER_SOLID
C44191,CANCER_SOLID
C44192,CANCER_SOLID
C441921,CANCER_SOLID
C441922,CANCER_SOLID
C44199,CANCER_SOLID
C441991,CANCER_SOLID
C441992,CANCER_SOLID
C44201,CANCER_SOLID
C44202,CANCER_SOLID
C44209,CANCER_SOLID
C44291,CANCER_SOLID
C44292,CANCER_SOLID
C44299,CANCER_SOLID
C44300,CANCER_SOLID
C44301,CANCER_SOLID
C44309,CANCER_SOLID
C44390,CANCER_SOLID
C44391,CANCER_SOLID
C44399,CANCER_SOLID
C4440,CANCER_SOLID
C4449,CANCER_SOLID
C44500,CANCER_SOLID
C44501,CANCER_SOLID
C44509,CANCER_SOLID
C44590,CANCER_SOLID
C44591,CANCER_SOLID
C44599,CANCER_SOLID
C44601,CANCER_SOLID
C44602,CANCER_SOLID
C44609,CANCER_SOLID
C44691,CANCER_SOLID
C44692,CANCER_SOLID
C44699,CANCER_SOLID
C44701,CANCER_SOLID
C44702,CANCER_SOLID
C44709,CANCER_SOLID
C44791,CANCER_SOLID
C44792,CANCER_SOLID
C44799,CANCER_SOLID
C4480,CANCER_SOLID
C4489,CANCER_SOLID
C4490,CANCER_SOLID
C4499,CANCER_SOLID
C450,CANCER_SOLID
C451,CANCER_SOLID
C452,CANCER_SOLID
C457,CANCER_SOLID
C459,CANCER_SOLID
C460,CANCER_SOLID
C461,CANCER_SOLID
C462,CANCER_SOLID
C463,CANCER_SOLID
C464,CANCER_SOLID
C4650,CANCER_SOLID
C4651,CANCER_SOLID
C4652,CANCER_SOLID
C467,CANCER_SOLID
C469,CANCER_SOLID
C470,CANCER_SOLID
C4710,CANCER_SOLID
C4711,CANCER_SOLID
C4712,CANCER_SOLID
C4720,CANCER_SOLID
C4721,CANCER_SOLID
C4722,CANCER_SOLID
C473,CANCER_SOLID
C474,CANCER_SOLID
C475,CANCER_SOLID
C476,CANCER_SOLID
C478,CANCER_SOLID
C479,CANCER_SOLID
C480,CANCER_SOLID
C481,CANCER_SOLID
C482,CANCER_SOLID
C488,CANCER_SOLID
C490,CANCER_SOLID
C4910,CANCER_SOLID
C4911,CANCER_SOLID
C4912,CANCER_SOLID
C4920,CANCER_SOLID
C4921,CANCER_SOLID
C4922,CANCER_SOLID
C493,CANCER_SOLID
C494,CANCER_SOLID
C495,CANCER_SOLID
C496,CANCER_SOLID
C498,CANCER_SOLID
C499,CANCER_SOLID
C49A0,CANCER_SOLID
C49A1,CANCER_SOLID
C49A2,CANCER_SOLID
C49A3,CANCER_SOLID
C49A4,CANCER_SOLID
C49A5,CANCER_SOLID
C49A9,CANCER_SOLID
C4A0,CANCER_SOLID
C4A10,CANCER_SOLID
C4A11,CANCER_SOLID
C4A111,CANCER_SOLID
C4A112,CANCER_SOLID
C4A12,CANCER_SOLID
C4A121,CANCER_SOLID
C4A122,CANCER_SOLID
C4A20,CANCER_SOLID
C4A21,CANCER_SOLID
C4A22,CANCER_SOLID
C4A30,CANCER_SOLID
C4A31,CANCER_SOLID
C4A39,CANCER_SOLID
C4A4,CANCER_SOLID
C4A51,CANCER_SOLID
C4A52,CANCER_SOLID
C4A59,CANCER_SOLID
C4A60,CANCER_SOLID
C4A61,CANCER_SOLID
C4A62,CANCER_SOLID
C4A70,CANCER_SOLID
C4A71,CANCER_SOLID
C4A72,CANCER_SOLID
C4A8,CANCER_SOLID
C4A9,CANCER_SOLID
C50011,CANCER_SOLID
C50012,CANCER_SOLID
C50019,CANCER_SOLID
C50021,CANCER_SOLID
C50022,CANCER_SOLID
C50029,CANCER_SOLID
C50111,CANCER_SOLID
C50112,CANCER_SOLID
C50119,CANCER_SOLID
C50121,CANCER_SOLID
C50122,CANCER_SOLID
C50129,CANCER_SOLID
C50211,CANCER_SOLID
C50212,CANCER_SOLID
C50219,CANCER_SOLID
C50221,CANCER_SOLID
C50222,CANCER_SOLID
C50229,CANCER_SOLID
C50311,CANCER_SOLID
C50312,CANCER_SOLID
C50319,CANCER_SOLID
C50321,CANCER_SOLID
C50322,CANCER_SOLID
C50329,CANCER_SOLID
C50411,CANCER_SOLID
C50412,CANCER_SOLID
C50419,CANCER_SOLID
C50421,CANCER_SOLID
C50422,CANCER_SOLID
C50429,CANCER_SOLID
C50511,CANCER_SOLID
C50512,CANCER_SOLID
C50519,CANCER_SOLID
C50521,CANCER_SOLID
C50522,CANCER_SOLID
C50529,CANCER_SOLID
C50611,CANCER_SOLID
C50612,CANCER_SOLID
C50619,CANCER_SOLID
C50621,CANCER_SOLID
C50622,CANCER_SOLID
C50629,CANCER_SOLID
C50811,CANCER_SOLID
C50812,CANCER_SOLID
C50819,CANCER_SOLID
C50821,CANCER_SOLID
C50822,CANCER_SOLID
C50829,CANCER_SOLID
C50911,CANCER_SOLID
C50912,CANCER_SOLID
C50919,CANCER_SOLID
C50921,CANCER_SOLID
C50922,CANCER_SOLID
C50929,CANCER_SOLID
C510,CANCER_SOLID
C511,CANCER_SOLID
C512,CANCER_SOLID
C518,CANCER_SOLID
C519,CANCER_SOLID
C52,CANCER_SOLID
C530,CANCER_SOLID
C531,CANCER_SOLID
C538,CANCER_SOLID
C539,CANCER_SOLID
C540,CANCER_SOLID
C541,CANCER_SOLID
C542,CANCER_SOLID
C543,CANCER_SOLID
C548,CANCER_SOLID
C549,CANCER_SOLID
C55,CANCER_SOLID
C561,CANCER_SOLID
C562,CANCER_SOLID
C563,CANCER_SOLID
C569,CANCER_SOLID
C5700,CANCER_SOLID
C5701,CANCER_SOLID
C5702,CANCER_SOLID
C5710,CANCER_SOLID
C5711,CANCER_SOLID
C5712,CANCER_SOLID
C5720,CANCER_SOLID
C5721,CANCER_SOLID
C5722,CANCER_SOLID
C573,CANCER_SOLID
C574,CANCER_SOLID
C577,CANCER_SOLID
C578,CANCER_SOLID
C579,CANCER_SOLID
C58,CANCER_SOLID
C600,CANCER_SOLID
C601,CANCER_SOLID
C602,CANCER_SOLID
C608,CANCER_SOLID
C609,CANCER_SOLID
C61,CANCER_SOLID
C6200,CANCER_SOLID
C6201,CANCER_SOLID
C6202,CANCER_SOLID
C6210,CANCER_SOLID
C6211,CANCER_SOLID
C6212,CANCER_SOLID
C6290,CANCER_SOLID
C6291,CANCER_SOLID
C6292,CANCER_SOLID
C6300,CANCER_SOLID
C6301,CANCER_SOLID
C6302,CANCER_SOLID
C6310,CANCER_SOLID
C6311,CANCER_SOLID
C6312,CANCER_SOLID
C632,CANCER_SOLID
C637,CANCER_SOLID
C638,CANCER_SOLID
C639,CANCER_SOLID
C641,CANCER_SOLID
C642,CANCER_SOLID
C649,CANCER_SOLID
C651,CANCER_SOLID
C652,CANCER_SOLID
C659,CANCER_SOLID
C661,CANCER_SOLID
C662,CANCER_SOLID
C669,CANCER_SOLID
C670,CANCER_SOLID
C671,CANCER_SOLID
C672,CANCER_SOLID
C673,CANCER_SOLID
C674,CANCER_SOLID
C675,CANCER_SOLID
C676,CANCER_SOLID
C677,CANCER_SOLID
C678,CANCER_SOLID
C679,CANCER_SOLID
C680,CANCER_SOLID
C681,CANCER_SOLID
C688,CANCER_SOLID
C689,CANCER_SOLID
C6900,CANCER_SOLID
C6901,CANCER_SOLID
C6902,CANCER_SOLID
C6910,CANCER_SOLID
C6911,CANCER_SOLID
C6912,CANCER_SOLID
C6920,CANCER_SOLID
C6921,CANCER_SOLID
C6922,CANCER_SOLID
C6930,CANCER_SOLID
C6931,CANCER_SOLID
C6932,CANCER_SOLID
C6940,CANCER_SOLID
C6941,CANCER_SOLID
C6942,CANCER_SOLID
C6950,CANCER_SOLID
C6951,CANCER_SOLID
C6952,CANCER_SOLID
C6960,CANCER_SOLID
C6961,CANCER_SOLID
C6962,CANCER_SOLID
C6980,CANCER_SOLID
C6981,CANCER_SOLID
C6982,CANCER_SOLID
C6990,CANCER_SOLID
C6991,CANCER_SOLID
C6992,CANCER_SOLID
C700,CANCER_SOLID
C701,CANCER_SOLID
C709,CANCER_SOLID
C710,CANCER_SOLID
C711,CANCER_SOLID
C712,CANCER_SOLID
C713,CANCER_SOLID
C714,CANCER_SOLID
C715,CANCER_SOLID
C716,CANCER_SOLID
C717,CANCER_SOLID
C718,CANCER_SOLID
C719,CANCER_SOLID
C720,CANCER_SOLID
C721,CANCER_SOLID
C7220,CANCER_SOLID
C7221,CANCER_SOLID
C7222,CANCER_SOLID
C7230,CANCER_SOLID
C7231,CANCER_SOLID
C7232,CANCER_SOLID
C7240,CANCER_SOLID
C7241,CANCER_SOLID
C7242,CANCER_SOLID
C7250,CANCER_SOLID
C7259,CANCER_SOLID
C729,CANCER_SOLID
C73,CANCER_SOLID
C7400,CANCER_SOLID
C7401,CANCER_SOLID
C7402,CANCER_SOLID
C7410,CANCER_SOLID
C7411,CANCER_SOLID
C7412,CANCER_SOLID
C7490,CANCER_SOLID
C7491,CANCER_SOLID
C7492,CANCER_SOLID
C750,CANCER_SOLID
C751,CANCER_SOLID
C752,CANCER_SOLID
C753,CANCER_SOLID
C754,CANCER_SOLID
C755,CANCER_SOLID
C758,CANCER_SOLID
C759,CANCER_SOLID
C760,CANCER_SOLID
C761,CANCER_SOLID
C762,CANCER_SOLID
C763,CANCER_SOLID
C7640,CANCER_SOLID
C7641,CANCER_SOLID
C7642,CANCER_SOLID
C7650,CANCER_SOLID
C7651,CANCER_SOLID
C7652,CANCER_SOLID
C768,CANCER_SOLID
C770,CANCER_METS
C771,CANCER_METS
C772,CANCER_METS
C773,CANCER_METS
C774,CANCER_METS
C775,CANCER_METS
C778,CANCER_METS
C779,CANCER_METS
C7800,CANCER_METS
C7801,CANCER_METS
C7802,CANCER_METS
C781,CANCER_METS
C782,CANCER_METS
C7830,CANCER_METS
C7839,CANCER_METS
C784,CANCER_METS
C785,CANCER_METS
C786,CANCER_METS
C787,CANCER_METS
C7880,CANCER_METS
C7889,CANCER_METS
C7900,CANCER_METS
C7901,CANCER_METS
C7902,CANCER_METS
C7910,CANCER_METS
C7911,CANCER_METS
C7919,CANCER_METS
C792,CANCER_METS
C7931,CANCER_METS
C7932,CANCER_METS
C7940,CANCER_METS
C7949,CANCER_METS
C7951,CANCER_METS
C7952,CANCER_METS
C7960,CANCER_METS
C7961,CANCER_METS
C7962,CANCER_METS
C7963,CANCER_METS
C7970,CANCER_METS
C7971,CANCER_METS
C7972,CANCER_METS
C7981,CANCER_METS
C7982,CANCER_METS
C7989,CANCER_METS
C799,CANCER_METS
C7A00,CANCER_SOLID
C7A010,CANCER_SOLID
C7A011,CANCER_SOLID
C7A012,CANCER_SOLID
C7A019,CANCER_SOLID
C7A020,CANCER_SOLID
C7A021,CANCER_SOLID
C7A022,CANCER_SOLID
C7A023,CANCER_SOLID
C7A024,CANCER_SOLID
C7A025,CANCER_SOLID
C7A026,CANCER_SOLID
C7A029,CANCER_SOLID
C7A090,CANCER_SOLID
C7A091,CANCER_SOLID
C7A092,CANCER_SOLID
C7A093,CANCER_SOLID
C7A094,CANCER_SOLID
C7A095,CANCER_SOLID
C7A096,CANCER_SOLID
C7A098,CANCER_SOLID
C7A1,CANCER_SOLID
C7A8,CANCER_SOLID
C7B00,CANCER_METS
C7B01,CANCER_METS
C7B02,CANCER_METS
C7B03,CANCER_METS
C7B04,CANCER_METS
C7B09,CANCER_METS
C7B1,CANCER_METS
C7B8,CANCER_METS
C800,CANCER_METS
C8100,CANCER_LYMPH
C8101,CANCER_LYMPH
C8102,CANCER_LYMPH
C8103,CANCER_LYMPH
C8104,CANCER_LYMPH
C8105,CANCER_LYMPH
C8106,CANCER_LYMPH
C8107,CANCER_LYMPH
C8108,CANCER_LYMPH
C8109,CANCER_LYMPH
C810A,CANCER_LYMPH
C8110,CANCER_LYMPH
C8111,CANCER_LYMPH
C8112,CANCER_LYMPH
C8113,CANCER_LYMPH
C8114,CANCER_LYMPH
C8115,CANCER_LYMPH
C8116,CANCER_LYMPH
C8117,CANCER_LYMPH
C8118,CANCER_LYMPH
C8119,CANCER_LYMPH
C811A,CANCER_LYMPH
C8120,CANCER_LYMPH
C8121,CANCER_LYMPH
C8122,CANCER_LYMPH
C8123,CANCER_LYMPH
C8124,CANCER_LYMPH
C8125,CANCER_LYMPH
C8126,CANCER_LYMPH
C8127,CANCER_LYMPH
C8128,CANCER_LYMPH
C8129,CANCER_LYMPH
C812A,CANCER_LYMPH
C8130,CANCER_LYMPH
C8131,CANCER_LYMPH
C8132,CANCER_LYMPH
C8133,CANCER_LYMPH
C8134,CANCER_LYMPH
C8135,CANCER_LYMPH
C8136,CANCER_LYMPH
C8137,CANCER_LYMPH
C8138,CANCER_LYMPH
C8139,CANCER_LYMPH
C813A,CANCER_LYMPH
C8140,CANCER_LYMPH
C8141,CANCER_LYMPH
C8142,CANCER_LYMPH
C8143,CANCER_LYMPH
C8144,CANCER_LYMPH
C8145,CANCER_LYMPH
C8146,CANCER_LYMPH
C8147,CANCER_LYMPH
C8148,CANCER_LYMPH
C8149,CANCER_LYMPH
C814A,CANCER_LYMPH
C8170,CANCER_LYMPH
C8171,CANCER_LYMPH
C8172,CANCER_LYMPH
C8173,CANCER_LYMPH
C8174,CANCER_LYMPH
C8175,CANCER_LYMPH
C8176,CANCER_LYMPH
C8177,CANCER_LYMPH
C8178,CANCER_LYMPH
C8179,CANCER_LYMPH
C817A,CANCER_LYMPH
C8190,CANCER_LYMPH
C8191,CANCER_LYMPH
C8192,CANCER_LYMPH
C8193,CANCER_LYMPH
C8194,CANCER_LYMPH
C8195,CANCER_LYMPH
C8196,CANCER_LYMPH
C8197,CANCER_LYMPH
C8198,CANCER_LYMPH
C8199,CANCER_LYMPH
C819A,CANCER_LYMPH
C8200,CANCER_LYMPH
C8201,CANCER_LYMPH
C8202,CANCER_LYMPH
C8203,CANCER_LYMPH
C8204,CANCER_LYMPH
C8205,CANCER_LYMPH
C8206,CANCER_LYMPH
C8207,CANCER_LYMPH
C8208,CANCER_LYMPH
C8209,CANCER_LYMPH
C820A,CANCER_LYMPH
C8210,CANCER_LYMPH
C8211,CANCER_LYMPH
C8212,CANCER_LYMPH
C8213,CANCER_LYMPH
C8214,CANCER_LYMPH
C8215,CANCER_LYMPH
C8216,CANCER_LYMPH
C8217,CANCER_LYMPH
C8218,CANCER_LYMPH
C8219,CANCER_LYMPH
C821A,CANCER_LYMPH
C8220,CANCER_LYMPH
C8221,CANCER_LYMPH
C8222,CANCER_LYMPH
C8223,CANCER_LYMPH
C8224,CANCER_LYMPH
C8225,CANCER_LYMPH
C8226,CANCER_LYMPH
C8227,CANCER_LYMPH
C8228,CANCER_LYMPH
C8229,CANCER_LYMPH
C822A,CANCER_LYMPH
C8230,CANCER_LYMPH
C8231,CANCER_LYMPH
C8232,CANCER_LYMPH
C8233,CANCER_LYMPH
C8234,CANCER_LYMPH
C8235,CANCER_LYMPH
C8236,CANCER_LYMPH
C8237,CANCER_LYMPH
C8238,CANCER_LYMPH
C8239,CANCER_LYMPH
C823A,CANCER_LYMPH
C8240,CANCER_LYMPH
C8241,CANCER_LYMPH
C8242,CANCER_LYMPH
C8243,CANCER_LYMPH
C8244,CANCER_LYMPH
C8245,CANCER_LYMPH
C8246,CANCER_LYMPH
C8247,CANCER_LYMPH
C8248,CANCER_LYMPH
C8249,CANCER_LYMPH
C824A,CANCER_LYMPH
C8250,CANCER_LYMPH
C8251,CANCER_LYMPH
C8252,CANCER_LYMPH
C8253,CANCER_LYMPH
C8254,CANCER_LYMPH
C8255,CANCER_LYMPH
C8256,CANCER_LYMPH
C8257,CANCER_LYMPH
C8258,CANCER_LYMPH
C8259,CANCER_LYMPH
C825A,CANCER_LYMPH
C8260,CANCER_LYMPH
C8261,CANCER_LYMPH
C8262,CANCER_LYMPH
C8263,CANCER_LYMPH
C8264,CANCER_LYMPH
C8265,CANCER_LYMPH
C8266,CANCER_LYMPH
C8267,CANCER_LYMPH
C8268,CANCER_LYMPH
C8269,CANCER_LYMPH
C826A,CANCER_LYMPH
C8280,CANCER_LYMPH
C8281,CANCER_LYMPH
C8282,CANCER_LYMPH
C8283,CANCER_LYMPH
C8284,CANCER_LYMPH
C8285,CANCER_LYMPH
C8286,CANCER_LYMPH
C8287,CANCER_LYMPH
C8288,CANCER_LYMPH
C8289,CANCER_LYMPH
C828A,CANCER_LYMPH
C8290,CANCER_LYMPH
C8291,CANCER_LYMPH
C8292,CANCER_LYMPH
C8293,CANCER_LYMPH
C8294,CANCER_LYMPH
C8295,CANCER_LYMPH
C8296,CANCER_LYMPH
C8297,CANCER_LYMPH
C8298,CANCER_LYMPH
C8299,CANCER_LYMPH
C829A,CANCER_LYMPH
C8300,CANCER_LYMPH
C8301,CANCER_LYMPH
C8302,CANCER_LYMPH
C8303,CANCER_LYMPH
C8304,CANCER_LYMPH
C8305,CANCER_LYMPH
C8306,CANCER_LYMPH
C8307,CANCER_LYMPH
C8308,CANCER_LYMPH
C8309,CANCER_LYMPH
C830A,CANCER_LYMPH
C8310,CANCER_LYMPH
C8311,CANCER_LYMPH
C8312,CANCER_LYMPH
C8313,CANCER_LYMPH
C8314,CANCER_LYMPH
C8315,CANCER_LYMPH
C8316,CANCER_LYMPH
C8317,CANCER_LYMPH
C8318,CANCER_LYMPH
C8319,CANCER_LYMPH
C831A,CANCER_LYMPH
C8330,CANCER_LYMPH
C8331,CANCER_LYMPH
C8332,CANCER_LYMPH
C8333,CANCER_LYMPH
C8334,CANCER_LYMPH
C8335,CANCER_LYMPH
C8336,CANCER_LYMPH
C8337,CANCER_LYMPH
C8338,CANCER_LYMPH
C8339,CANCER_LYMPH
C83390,CANCER_LYMPH
C83398,CANCER_LYMPH
C833A,CANCER_LYMPH
C8350,CANCER_LYMPH
C8351,CANCER_LYMPH
C8352,CANCER_LYMPH
C8353,CANCER_LYMPH
C8354,CANCER_LYMPH
C8355,CANCER_LYMPH
C8356,CANCER_LYMPH
C8357,CANCER_LYMPH
C8358,CANCER_LYMPH
C8359,CANCER_LYMPH
C835A,CANCER_LYMPH
C8370,CANCER_LYMPH
C8371,CANCER_LYMPH
C8372,CANCER_LYMPH
C8373,CANCER_LYMPH
C8374,CANCER_LYMPH
C8375,CANCER_LYMPH
C8376,CANCER_LYMPH
C8377,CANCER_LYMPH
C8378,CANCER_LYMPH
C8379,CANCER_LYMPH
C837A,CANCER_LYMPH
C8380,CANCER_LYMPH
C8381,CANCER_LYMPH
C8382,CANCER_LYMPH
C8383,CANCER_LYMPH
C8384,CANCER_LYMPH
C8385,CANCER_LYMPH
C8386,CANCER_LYMPH
C8387,CANCER_LYMPH
C8388,CANCER_LYMPH
C8389,CANCER_LYMPH
C838A,CANCER_LYMPH
C8390,CANCER_LYMPH
C8391,CANCER_LYMPH
C8392,CANCER_LYMPH
C8393,CANCER_LYMPH
C8394,CANCER_LYMPH
C8395,CANCER_LYMPH
C8396,CANCER_LYMPH
C8397,CANCER_LYMPH
C8398,CANCER_LYMPH
C8399,CANCER_LYMPH
C839A,CANCER_LYMPH
C8400,CANCER_LYMPH
C8401,CANCER_LYMPH
C8402,CANCER_LYMPH
C8403,CANCER_LYMPH
C8404,CANCER_LYMPH
C8405,CANCER_LYMPH
C8406,CANCER_LYMPH
C8407,CANCER_LYMPH
C8408,CANCER_LYMPH
C8409,CANCER_LYMPH
C840A,CANCER_LYMPH
C8410,CANCER_LYMPH
C8411,CANCER_LYMPH
C8412,CANCER_LYMPH
C8413,CANCER_LYMPH
C8414,CANCER_LYMPH
C8415,CANCER_LYMPH
C8416,CANCER_LYMPH
C8417,CANCER_LYMPH
C8418,CANCER_LYMPH
C8419,CANCER_LYMPH
C841A,CANCER_LYMPH
C8440,CANCER_LYMPH
C8441,CANCER_LYMPH
C8442,CANCER_LYMPH
C8443,CANCER_LYMPH
C8444,CANCER_LYMPH
C8445,CANCER_LYMPH
C8446,CANCER_LYMPH
C8447,CANCER_LYMPH
C8448,CANCER_LYMPH
C8449,CANCER_LYMPH
C844A,CANCER_LYMPH
C8460,CANCER_LYMPH
C8461,CANCER_LYMPH
C8462,CANCER_LYMPH
C8463,CANCER_LYMPH
C8464,CANCER_LYMPH
C8465,CANCER_LYMPH
C8466,CANCER_LYMPH
C8467,CANCER_LYMPH
C8468,CANCER_LYMPH
C8469,CANCER_LYMPH
C846A,CANCER_LYMPH
C8470,CANCER_LYMPH
C8471,CANCER_LYMPH
C8472,CANCER_LYMPH
C8473,CANCER_LYMPH
C8474,CANCER_LYMPH
C8475,CANCER_LYMPH
C8476,CANCER_LYMPH
C8477,CANCER_LYMPH
C8478,CANCER_LYMPH
C8479,CANCER_LYMPH
C847A,CANCER_LYMPH
C847B,CANCER_LYMPH
C8490,CANCER_LYMPH
C8491,CANCER_LYMPH
C8492,CANCER_LYMPH
C8493,CANCER_LYMPH
C8494,CANCER_LYMPH
C8495,CANCER_LYMPH
C8496,CANCER_LYMPH
C8497,CANCER_LYMPH
C8498,CANCER_LYMPH
C8499,CANCER_LYMPH
C849A,CANCER_LYMPH
C84A0,CANCER_LYMPH
C84A1,CANCER_LYMPH
C84A2,CANCER_LYMPH
C84A3,CANCER_LYMPH
C84A4,CANCER_LYMPH
C84A5,CANCER_LYMPH
C84A6,CANCER_LYMPH
C84A7,CANCER_LYMPH
C84A8,CANCER_LYMPH
C84A9,CANCER_LYMPH
C84AA,CANCER_LYMPH
C84Z0,CANCER_LYMPH
C84Z1,CANCER_LYMPH
C84Z2,CANCER_LYMPH
C84Z3,CANCER_LYMPH
C84Z4,CANCER_LYMPH
C84Z5,CANCER_LYMPH
C84Z6,CANCER_LYMPH
C84Z7,CANCER_LYMPH
C84Z8,CANCER_LYMPH
C84Z9,CANCER_LYMPH
C84ZA,CANCER_LYMPH
C8510,CANCER_LYMPH
C8511,CANCER_LYMPH
C8512,CANCER_LYMPH
C8513,CANCER_LYMPH
C8514,CANCER_LYMPH
C8515,CANCER_LYMPH
C8516,CANCER_LYMPH
C8517,CANCER_LYMPH
C8518,CANCER_LYMPH
C8519,CANCER_LYMPH
C851A,CANCER_LYMPH
C8520,CANCER_LYMPH
C8521,CANCER_LYMPH
C8522,CANCER_LYMPH
C8523,CANCER_LYMPH
C8524,CANCER_LYMPH
C8525,CANCER_LYMPH
C8526,CANCER_LYMPH
C8527,CANCER_LYMPH
C8528,CANCER_LYMPH
C8529,CANCER_LYMPH
C852A,CANCER_LYMPH
C8580,CANCER_LYMPH
C8581,CANCER_LYMPH
C8582,CANCER_LYMPH
C8583,CANCER_LYMPH
C8584,CANCER_LYMPH
C8585,CANCER_LYMPH
C8586,CANCER_LYMPH
C8587,CANCER_LYMPH
C8588,CANCER_LYMPH
C8589,CANCER_LYMPH
C858A,CANCER_LYMPH
C8590,CANCER_LYMPH
C8591,CANCER_LYMPH
C8592,CANCER_LYMPH
C8593,CANCER_LYMPH
C8594,CANCER_LYMPH
C8595,CANCER_LYMPH
C8596,CANCER_LYMPH
C8597,CANCER_LYMPH
C8598,CANCER_LYMPH
C8599,CANCER_LYMPH
C859A,CANCER_LYMPH
C860,CANCER_LYMPH
C8600,CANCER_LYMPH
C8601,CANCER_LYMPH
C861,CANCER_LYMPH
C8610,CANCER_LYMPH
C8611,CANCER_LYMPH
C862,CANCER_LYMPH
C8620,CANCER_LYMPH
C8621,CANCER_LYMPH
C863,CANCER_LYMPH
C8630,CANCER_LYMPH
C8631,CANCER_LYMPH
C864,CANCER_LYMPH
C8640,CANCER_LYMPH
C8641,CANCER_LYMPH
C865,CANCER_LYMPH
C8650,CANCER_LYMPH
C8651,CANCER_LYMPH
C866,CANCER_LYMPH
C8660,CANCER_LYMPH
C8661,CANCER_LYMPH
C880,CANCER_LYMPH
C8800,CANCER_LYMPH
C8801,CANCER_LYMPH
C882,CANCER_LYMPH
C8820,CANCER_LYMPH
C8821,CANCER_LYMPH
C883,CANCER_LYMPH
C8830,CANCER_LYMPH
C8831,CANCER_LYMPH
C884,CANCER_LYMPH
C8840,CANCER_LYMPH
C8841,CANCER_LYMPH
C888,CANCER_LYMPH
C8880,CANCER_LYMPH
C8881,CANCER_LYMPH
C889,CANCER_LYMPH
C8890,CANCER_LYMPH
C8891,CANCER_LYMPH
C9000,CANCER_LYMPH
C9001,CANCER_LYMPH
C9002,CANCER_LYMPH
C9010,CANCER_LEUK
C9011,CANCER_LEUK
C9012,CANCER_LEUK
C9020,CANCER_LYMPH
C9021,CANCER_LYMPH
C9022,CANCER_LYMPH
C9030,CANCER_LYMPH
C9031,CANCER_LYMPH
C9032,CANCER_LYMPH
C9100,CANCER_LEUK
C9101,CANCER_LEUK
C9102,CANCER_LEUK
C9110,CANCER_LEUK
C9111,CANCER_LEUK
C9112,CANCER_LEUK
C9130,CANCER_LEUK
C9131,CANCER_LEUK
C9132,CANCER_LEUK
C9140,CANCER_LEUK
C9141,CANCER_LEUK
C9142,CANCER_LEUK
C9150,CANCER_LEUK
C9151,CANCER_LEUK
C9152,CANCER_LEUK
C9160,CANCER_LEUK
C9161,CANCER_LEUK
C9162,CANCER_LEUK
C9190,CANCER_LEUK
C9191,CANCER_LEUK
C9192,CANCER_LEUK
C91A0,CANCER_LEUK
C91A1,CANCER_LEUK
C91A2,CANCER_LEUK
C91Z0,CANCER_LEUK
C91Z1,CANCER_LEUK
C91Z2,CANCER_LEUK
C9200,CANCER_LEUK
C9201,CANCER_LEUK
C9202,CANCER_LEUK
C9210,CANCER_LEUK
C9211,CANCER_LEUK
C9212,CANCER_LEUK
C9220,CANCER_LEUK
C9221,CANCER_LEUK
C9222,CANCER_LEUK
C9230,CANCER_LEUK
C9231,CANCER_LEUK
C9232,CANCER_LEUK
C9240,CANCER_LEUK
C9241,CANCER_LEUK
C9242,CANCER_LEUK
C9250,CANCER_LEUK
C9251,CANCER_LEUK
C9252,CANCER_LEUK
C9260,CANCER_LEUK
C9261,CANCER_LEUK
C9262,CANCER_LEUK
C9290,CANCER_LEUK
C9291,CANCER_LEUK
C9292,CANCER_LEUK
C92A0,CANCER_LEUK
C92A1,CANCER_LEUK
C92A2,CANCER_LEUK
C92Z0,CANCER_LEUK
C92Z1,CANCER_LEUK
C92Z2,CANCER_LEUK
C9300,CANCER_LEUK
C9301,CANCER_LEUK
C9302,CANCER_LEUK
C9310,CANCER_LEUK
C9311,CANCER_LEUK
C9312,CANCER_LEUK
C9330,CANCER_LEUK
C9331,CANCER_LEUK
C9332,CANCER_LEUK
C9390,CANCER_LEUK
C9391,CANCER_LEUK
C9392,CANCER_LEUK
C93Z0,CANCER_LEUK
C93Z1,CANCER_LEUK
C93Z2,CANCER_LEUK
C9400,CANCER_LEUK
C9401,CANCER_LEUK
C9402,CANCER_LEUK
C9420,CANCER_LEUK
C9421,CANCER_LEUK
C9422,CANCER_LEUK
C9430,CANCER_LEUK
C9431,CANCER_LEUK
C9432,CANCER_LEUK
C9440,CANCER_LEUK
C9441,CANCER_LEUK
C9442,CANCER_LEUK
C946,CANCER_LEUK
C9480,CANCER_LEUK
C9481,CANCER_LEUK
C9482,CANCER_LEUK
C9500,CANCER_LEUK
C9501,CANCER_LEUK
C9502,CANCER_LEUK
C9510,CANCER_LEUK
C9511,CANCER_LEUK
C9512,CANCER_LEUK
C9590,CANCER_LEUK
C9591,CANCER_LEUK
C9592,CANCER_LEUK
C960,CANCER_LYMPH
C962,CANCER_LYMPH
C9620,CANCER_LYMPH
C9621,CANCER_LYMPH
C9622,CANCER_LYMPH
C9629,CANCER_LYMPH
C964,CANCER_LYMPH
C969,CANCER_LYMPH
C96A,CANCER_LYMPH
C96Z,CANCER_LYMPH
D0000,CANCER_NSITU
D0001,CANCER_NSITU
D0002,CANCER_NSITU
D0003,CANCER_NSITU
D0004,CANCER_NSITU
D0005,CANCER_NSITU
D0006,CANCER_NSITU
D0007,CANCER_NSITU
D0008,CANCER_NSITU
D001,CANCER_NSITU
D002,CANCER_NSITU
D010,CANCER_NSITU
D011,CANCER_NSITU
D012,CANCER_NSITU
D013,CANCER_NSITU
D0140,CANCER_NSITU
D0149,CANCER_NSITU
D015,CANCER_NSITU
D017,CANCER_NSITU
D019,CANCER_NSITU
D020,CANCER_NSITU
D021,CANCER_NSITU
D0220,CANCER_NSITU
D0221,CANCER_NSITU
D0222,CANCER_NSITU
D023,CANCER_NSITU
D024,CANCER_NSITU
D030,CANCER_NSITU
D0310,CANCER_NSITU
D0311,CANCER_NSITU
D03111,CANCER_NSITU
D03112,CANCER_NSITU
D0312,CANCER_NSITU
D03121,CANCER_NSITU
D03122,CANCER_NSITU
D0320,CANCER_NSITU
D0321,CANCER_NSITU
D0322,CANCER_NSITU
D0330,CANCER_NSITU
D0339,CANCER_NSITU
D034,CANCER_NSITU
D0351,CANCER_NSITU
D0352,CANCER_NSITU
D0359,CANCER_NSITU
D0360,CANCER_NSITU
D0361,CANCER_NSITU
D0362,CANCER_NSITU
D0370,CANCER_NSITU
D0371,CANCER_NSITU
D0372,CANCER_NSITU
D038,CANCER_NSITU
D039,CANCER_NSITU
D040,CANCER_NSITU
D0410,CANCER_NSITU
D0411,CANCER_NSITU
D04111,CANCER_NSITU
D04112,CANCER_NSITU
D0412,CANCER_NSITU
D04121,CANCER_NSITU
D04122,CANCER_NSITU
D0420,CANCER_NSITU
D0421,CANCER_NSITU
D0422,CANCER_NSITU
D0430,CANCER_NSITU
D0439,CANCER_NSITU
D044,CANCER_NSITU
D045,CANCER_NSITU
D0460,CANCER_NSITU
D0461,CANCER_NSITU
D0462,CANCER_NSITU
D0470,CANCER_NSITU
D0471,CANCER_NSITU
D0472,CANCER_NSITU
D048,CANCER_NSITU
D049,CANCER_NSITU
D0500,CANCER_NSITU
D0501,CANCER_NSITU
D0502,CANCER_NSITU
D0510,CANCER_NSITU
D0511,CANCER_NSITU
D0512,CANCER_NSITU
D0580,CANCER_NSITU
D0581,CANCER_NSITU
D0582,CANCER_NSITU
D0590,CANCER_NSITU
D0591,CANCER_NSITU
D0592,CANCER_NSITU
D060,CANCER_NSITU
D061,CANCER_NSITU
D067,CANCER_NSITU
D069,CANCER_NSITU
D070,CANCER_NSITU
D071,CANCER_NSITU
D072,CANCER_NSITU
D0730,CANCER_NSITU
D0739,CANCER_NSITU
D074,CANCER_NSITU
D075,CANCER_NSITU
D0760,CANCER_NSITU
D0761,CANCER_NSITU
D0769,CANCER_NSITU
D090,CANCER_NSITU
D0910,CANCER_NSITU
D0919,CANCER_NSITU
D0920,CANCER_NSITU
D0921,CANCER_NSITU
D0922,CANCER_NSITU
D093,CANCER_NSITU
D098,CANCER_NSITU
D099,CANCER_NSITU
D469,CANCER_SOLID
D47Z9,CANCER_LYMPH
D500,BLDLOSS
D501,ANEMDEF
D508,ANEMDEF
D509,ANEMDEF
D510,ANEMDEF
D511,ANEMDEF
D512,ANEMDEF
D513,ANEMDEF
D518,ANEMDEF
D519,ANEMDEF
D520,ANEMDEF
D521,ANEMDEF
D528,ANEMDEF
D529,ANEMDEF
D530,ANEMDEF
D531,ANEMDEF
D532,ANEMDEF
D538,ANEMDEF
D539,ANEMDEF
D6102,COAG
D6103,COAG
D6109,COAG
D611,COAG
D612,COAG
D613,COAG
D61810,COAG
D61811,COAG
D61818,COAG
D6182,COAG
D6189,COAG
D619,COAG
D630,ANEMDEF
D631,ANEMDEF
D638,ANEMDEF
D649,ANEMDEF
D65,COAG
D66,COAG
D67,COAG
D680,COAG
D6800,COAG
D6801,COAG
D68020,COAG
D68021,COAG
D68022,COAG
D68023,COAG
D68029,COAG
D6803,COAG
D6804,COAG
D6809,COAG
D681,COAG
D682,COAG
D68311,COAG
D68312,COAG
D68318,COAG
D6832,COAG
D684,COAG
D688,COAG
D689,COAG
D691,COAG
D693,COAG
D6941,COAG
D6942,COAG
D6949,COAG
D6951,COAG
D6959,COAG
D696,COAG
D698,COAG
D699,COAG
D7582,COAG
D75821,COAG
D75822,COAG
D75828,COAG
D75829,COAG
D7584,COAG
E000,THYROID_HYPO
E001,THYROID_HYPO
E002,THYROID_HYPO
E009,THYROID_HYPO
E010,THYROID_HYPO
E011,THYROID_HYPO
E012,THYROID_HYPO
E018,THYROID_HYPO
E02,THYROID_HYPO
E030,THYROID_HYPO
E031,THYROID_HYPO
E032,THYROID_HYPO
E033,THYROID_HYPO
E034,THYROID_HYPO
E035,THYROID_HYPO
E038,THYROID_HYPO
E039,THYROID_HYPO
E040,THYROID_OTH
E041,THYROID_OTH
E042,THYROID_OTH
E048,THYROID_OTH
E049,THYROID_OTH
E0500,THYROID_OTH
E0501,THYROID_OTH
E0510,THYROID_OTH
E0511,THYROID_OTH
E0520,THYROID_OTH
E0521,THYROID_OTH
E0530,THYROID_OTH
E0531,THYROID_OTH
E0540,THYROID_OTH
E0541,THYROID_OTH
E0580,THYROID_OTH
E0581,THYROID_OTH
E0590,THYROID_OTH
E0591,THYROID_OTH
E060,THYROID_OTH
E061,THYROID_OTH
E062,THYROID_OTH
E063,THYROID_OTH
E064,THYROID_OTH
E065,THYROID_OTH
E069,THYROID_OTH
E0800,DIAB_UNCX
E0801,DIAB_UNCX
E0810,DIAB_UNCX
E0811,DIAB_UNCX
E0821,DIAB_CX
E0822,DIAB_CX
E0829,DIAB_CX
E08311,DIAB_CX
E08319,DIAB_CX
E08321,DIAB_CX
E083211,DIAB_CX
E083212,DIAB_CX
E083213,DIAB_CX
E083219,DIAB_CX
E08329,DIAB_CX
E083291,DIAB_CX
E083292,DIAB_CX
E083293,DIAB_CX
E083299,DIAB_CX
E08331,DIAB_CX
E083311,DIAB_CX
E083312,DIAB_CX
E083313,DIAB_CX
E083319,DIAB_CX
E08339,DIAB_CX
E083391,DIAB_CX
E083392,DIAB_CX
E083393,DIAB_CX
E083399,DIAB_CX
E08341,DIAB_CX
E083411,DIAB_CX
E083412,DIAB_CX
E083413,DIAB_CX
E083419,DIAB_CX
E08349,DIAB_CX
E083491,DIAB_CX
E083492,DIAB_CX
E083493,DIAB_CX
E083499,DIAB_CX
E08351,DIAB_CX
E083511,DIAB_CX
E083512,DIAB_CX
E083513,DIAB_CX
E083519,DIAB_CX
E083521,DIAB_CX
E083522,DIAB_CX
E083523,DIAB_CX
E083529,DIAB_CX
E083531,DIAB_CX
E083532,DIAB_CX
E083533,DIAB_CX
E083539,DIAB_CX
E083541,DIAB_CX
E083542,DIAB_CX
E083543,DIAB_CX
E083549,DIAB_CX
E083551,DIAB_CX
E083552,DIAB_CX
E083553,DIAB_CX
E083559,DIAB_CX
E08359,DIAB_CX
E083591,DIAB_CX
E083592,DIAB_CX
E083593,DIAB_CX
E083599,DIAB_CX
E0836,DIAB_CX
E0837X1,DIAB_CX
E0837X2,DIAB_CX
E0837X3,DIAB_CX
E0837X9,DIAB_CX
E0839,DIAB_CX
E0840,DIAB_CX
E0841,DIAB_CX
E0842,DIAB_CX
E0843,DIAB_CX
E0844,DIAB_CX
E0849,DIAB_CX
E0851,DIAB_CX
E0852,DIAB_CX
E0859,DIAB_CX
E08610,DIAB_CX
E08618,DIAB_CX
E08620,DIAB_CX
E08621,DIAB_CX
E08622,DIAB_CX
E08628,DIAB_CX
E08630,DIAB_CX
E08638,DIAB_CX
E08641,DIAB_CX
E08649,DIAB_CX
E0865,DIAB_CX
E0869,DIAB_CX
E088,DIAB_CX
E089,DIAB_UNCX
E0900,DIAB_UNCX
E0901,DIAB_UNCX
E0910,DIAB_UNCX
E0911,DIAB_UNCX
E0921,DIAB_CX
E0922,DIAB_CX
E0929,DIAB_CX
E09311,DIAB_CX
E09319,DIAB_CX
E09321,DIAB_CX
E093211,DIAB_CX
E093212,DIAB_CX
E093213,DIAB_CX
E093219,DIAB_CX
E09329,DIAB_CX
E093291,DIAB_CX
E093292,DIAB_CX
E093293,DIAB_CX
E093299,DIAB_CX
E09331,DIAB_CX
E093311,DIAB_CX
E093312,DIAB_CX
E093313,DIAB_CX
E093319,DIAB_CX
E09339,DIAB_CX
E093391,DIAB_CX
E093392,DIAB_CX
E093393,DIAB_CX
E093399,DIAB_CX
E09341,DIAB_CX
E093411,DIAB_CX
E093412,DIAB_CX
E093413,DIAB_CX
E093419,DIAB_CX
E09349,DIAB_CX
E093491,DIAB_CX
E093492,DIAB_CX
E093493,DIAB_CX
E093499,DIAB_CX
E09351,DIAB_CX
E093511,DIAB_CX
E093512,DIAB_CX
E093513,DIAB_CX
E093519,DIAB_CX
E093521,DIAB_CX
E093522,DIAB_CX
E093523,DIAB_CX
E093529,DIAB_CX
E093531,DIAB_CX
E093532,DIAB_CX
E093533,DIAB_CX
E093539,DIAB_CX
E093541,DIAB_CX
E093542,DIAB_CX
E093543,DIAB_CX
E093549,DIAB_CX
E093551,DIAB_CX
E093552,DIAB_CX
E093553,DIAB_CX
E093559,DIAB_CX
E09359,DIAB_CX
E093591,DIAB_CX
E093592,DIAB_CX
E093593,DIAB_CX
E093599,DIAB_CX
E0936,DIAB_CX
E0937X1,DIAB_CX
E0937X2,DIAB_CX
E0937X3,DIAB_CX
E0937X9,DIAB_CX
E0939,DIAB_CX
E0940,DIAB_CX
E0941,DIAB_CX
E0942,DIAB_CX
E0943,DIAB_CX
E0944,DIAB_CX
E0949,DIAB_CX
E0951,DIAB_CX
E0952,DIAB_CX
E0959,DIAB_CX
E09610,DIAB_CX
E09618,DIAB_CX
E09620,DIAB_CX
E09621,DIAB_CX
E09622,DIAB_CX
E09628,DIAB_CX
E09630,DIAB_CX
E09638,DIAB_CX
E09641,DIAB_CX
E09649,DIAB_CX
E0965,DIAB_CX
E0969,DIAB_CX
E098,DIAB_CX
E099,DIAB_UNCX
E1010,DIAB_UNCX
E1011,DIAB_UNCX
E1021,DIAB_CX
E1022,DIAB_CX
E1029,DIAB_CX
E10311,DIAB_CX
E10319,DIAB_CX
E10321,DIAB_CX
E103211,DIAB_CX
E103212,DIAB_CX
E103213,DIAB_CX
E103219,DIAB_CX
E10329,DIAB_CX
E103291,DIAB_CX
E103292,DIAB_CX
E103293,DIAB_CX
E103299,DIAB_CX
E10331,DIAB_CX
E103311,DIAB_CX
E103312,DIAB_CX
E103313,DIAB_CX
E103319,DIAB_CX
E10339,DIAB_CX
E103391,DIAB_CX
E103392,DIAB_CX
E103393,DIAB_CX
E103399,DIAB_CX
E10341,DIAB_CX
E103411,DIAB_CX
E103412,DIAB_CX
E103413,DIAB_CX
E103419,DIAB_CX
E10349,DIAB_CX
E103491,DIAB_CX
E103492,DIAB_CX
E103493,DIAB_CX
E103499,DIAB_CX
E10351,DIAB_CX
E103511,DIAB_CX
E103512,DIAB_CX
E103513,DIAB_CX
E103519,DIAB_CX
E103521,DIAB_CX
E103522,DIAB_CX
E103523,DIAB_CX
E103529,DIAB_CX
E103531,DIAB_CX
E103532,DIAB_CX
E103533,DIAB_CX
E103539,DIAB_CX
E103541,DIAB_CX
E103542,DIAB_CX
E103543,DIAB_CX
E103549,DIAB_CX
E103551,DIAB_CX
E103552,DIAB_CX
E103553,DIAB_CX
E103559,DIAB_CX
E10359,DIAB_CX
E103591,DIAB_CX
E103592,DIAB_CX
E103593,DIAB_CX
E103599,DIAB_CX
E1036,DIAB_CX
E1037X1,DIAB_CX
E1037X2,DIAB_CX
E1037X3,DIAB_CX
E1037X9,DIAB_CX
E1039,DIAB_CX
E1040,DIAB_CX
E1041,DIAB_CX
E1042,DIAB_CX
E1043,DIAB_CX
E1044,DIAB_CX
E1049,DIAB_CX
E1051,DIAB_CX
E1052,DIAB_CX
E1059,DIAB_CX
E10610,DIAB_CX
E10618,DIAB_CX
E10620,DIAB_CX
E10621,DIAB_CX
E10622,DIAB_CX
E10628,DIAB_CX
E10630,DIAB_CX
E10638,DIAB_CX
E10641,DIAB_CX
E10649,DIAB_CX
E1065,DIAB_CX
E1069,DIAB_CX
E108,DIAB_CX
E109,DIAB_UNCX
E1100,DIAB_UNCX
E1101,DIAB_UNCX
E1110,DIAB_UNCX
E1111,DIAB_UNCX
E1121,DIAB_CX
E1122,DIAB_CX
E1129,DIAB_CX
E11311,DIAB_CX
E11319,DIAB_CX
E11321,DIAB_CX
E113211,DIAB_CX
E113212,DIAB_CX
E113213,DIAB_CX
E113219,DIAB_CX
E11329,DIAB_CX
E113291,DIAB_CX
E113292,DIAB_CX
E113293,DIAB_CX
E113299,DIAB_CX
E11331,DIAB_CX
E113311,DIAB_CX
E113312,DIAB_CX
E113313,DIAB_CX
E113319,DIAB_CX
E11339,DIAB_CX
E113391,DIAB_CX
E113392,DIAB_CX
E113393,DIAB_CX
E113399,DIAB_CX
E11341,DIAB_CX
E113411,DIAB_CX
E113412,DIAB_CX
E113413,DIAB_CX
E113419,DIAB_CX
E11349,DIAB_CX
E113491,DIAB_CX
E113492,DIAB_CX
E113493,DIAB_CX
E113499,DIAB_CX
E11351,DIAB_CX
E113511,DIAB_CX
E113512,DIAB_CX
E113513,DIAB_CX
E113519,DIAB_CX
E113521,DIAB_CX
E113522,DIAB_CX
E113523,DIAB_CX
E113529,DIAB_CX
E113531,DIAB_CX
E113532,DIAB_CX
E113533,DIAB_CX
E113539,DIAB_CX
E113541,DIAB_CX
E113542,DIAB_CX
E113543,DIAB_CX
E113549,DIAB_CX
E113551,DIAB_CX
E113552,DIAB_CX
E113553,DIAB_CX
E113559,DIAB_CX
E11359,DIAB_CX
E113591,DIAB_CX
E113592,DIAB_CX
E113593,DIAB_CX
E113599,DIAB_CX
E1136,DIAB_CX
E1137X1,DIAB_CX
E1137X2,DIAB_CX
E1137X3,DIAB_CX
E1137X9,DIAB_CX
E1139,DIAB_CX
E1140,DIAB_CX
E1141,DIAB_CX
E1142,DIAB_CX
E1143,DIAB_CX
E1144,DIAB_CX
E1149,DIAB_CX
E1151,DIAB_CX
E1152,DIAB_CX
E1159,DIAB_CX
E11610,DIAB_CX
E11618,DIAB_CX
E11620,DIAB_CX
E11621,DIAB_CX
E11622,DIAB_CX
E11628,DIAB_CX
E11630,DIAB_CX
E11638,DIAB_CX
E11641,DIAB_CX
E11649,DIAB_CX
E1165,DIAB_CX
E1169,DIAB_CX
E118,DIAB_CX
E119,DIAB_UNCX
E1300,DIAB_UNCX
E1301,DIAB_UNCX
E1310,DIAB_UNCX
E1311,DIAB_UNCX
E1321,DIAB_CX
E1322,DIAB_CX
E1329,DIAB_CX
E13311,DIAB_CX
E13319,DIAB_CX
E13321,DIAB_CX
E133211,DIAB_CX
E133212,DIAB_CX
E133213,DIAB_CX
E133219,DIAB_CX
E13329,DIAB_CX
E133291,DIAB_CX
E133292,DIAB_CX
E133293,DIAB_CX
E133299,DIAB_CX
E13331,DIAB_CX
E133311,DIAB_CX
E133312,DIAB_CX
E133313,DIAB_CX
E133319,DIAB_CX
E13339,DIAB_CX
E133391,DIAB_CX
E133392,DIAB_CX
E133393,DIAB_CX
E133399,DIAB_CX
E13341,DIAB_CX
E133411,DIAB_CX
E133412,DIAB_CX
E133413,DIAB_CX
E133419,DIAB_CX
E13349,DIAB_CX
E133491,DIAB_CX
E133492,DIAB_CX
E133493,DIAB_CX
E133499,DIAB_CX
E13351,DIAB_CX
E133511,DIAB_CX
E133512,DIAB_CX
E133513,DIAB_CX
E133519,DIAB_CX
E133521,DIAB_CX
E133522,DIAB_CX
E133523,DIAB_CX
E133529,DIAB_CX
E133531,DIAB_CX
E133532,DIAB_CX
E133533,DIAB_CX
E133539,DIAB_CX
E133541,DIAB_CX
E133542,DIAB_CX
E133543,DIAB_CX
E133549,DIAB_CX
E133551,DIAB_CX
E133552,DIAB_CX
E133553,DIAB_CX
E133559,DIAB_CX
E13359,DIAB_CX
E133591,DIAB_CX
E133592,DIAB_CX
E133593,DIAB_CX
E133599,DIAB_CX
E1336,DIAB_CX
E1337X1,DIAB_CX
E1337X2,DIAB_CX
E1337X3,DIAB_CX
E1337X9,DIAB_CX
E1339,DIAB_CX
E1340,DIAB_CX
E1341,DIAB_CX
E1342,DIAB_CX
E1343,DIAB_CX
E1344,DIAB_CX
E1349,DIAB_CX
E1351,DIAB_CX
E1352,DIAB_CX
E1359,DIAB_CX
E13610,DIAB_CX
E13618,DIAB_CX
E13620,DIAB_CX
E13621,DIAB_CX
E13622,DIAB_CX
E13628,DIAB_CX
E13630,DIAB_CX
E13638,DIAB_CX
E13641,DIAB_CX
E13649,DIAB_CX
E1365,DIAB_CX
E1369,DIAB_CX
E138,DIAB_CX
E139,DIAB_UNCX
E3121,CANCER_SOLID
E3122,CANCER_SOLID
E3123,CANCER_SOLID
E40,WGHTLOSS
E41,WGHTLOSS
E42,WGHTLOSS
E43,WGHTLOSS
E440,WGHTLOSS
E441,WGHTLOSS
E45,WGHTLOSS
E46,WGHTLOSS
E640,WGHTLOSS
E6601,OBESE
E6609,OBESE
E661,OBESE
E662,OBESE
E668,OBESE
E66811,OBESE
E66812,OBESE
E66813,OBESE
E6689,OBESE
E669,OBESE
E7500,NEURO_OTH
E7501,NEURO_OTH
E7502,NEURO_OTH
E7509,NEURO_OTH
E7510,NEURO_OTH
E7511,NEURO_OTH
E7519,NEURO_OTH
E7523,NEURO_OTH
E7525,NEURO_OTH
E7526,NEURO_OTH
E7527,NEURO_OTH
E7528,NEURO_OTH
E7529,NEURO_OTH
E754,NEURO_OTH
E8882,OBESE
E88A,WGHTLOSS
E890,THYROID_HYPO
F0150,DEMENTIA
F0151,DEMENTIA
F01511,DEMENTIA
F01518,DEMENTIA
F0152,DEMENTIA
F0153,DEMENTIA
F0154,DEMENTIA
F01A0,DEMENTIA
F01A11,DEMENTIA
F01A18,DEMENTIA
F01A2,DEMENTIA
F01A3,DEMENTIA
F01A4,DEMENTIA
F01B0,DEMENTIA
F01B11,DEMENTIA
F01B18,DEMENTIA
F01B2,DEMENTIA
F01B3,DEMENTIA
F01B4,DEMENTIA
F01C0,DEMENTIA
F01C11,DEMENTIA
F01C18,DEMENTIA
F01C2,DEMENTIA
F01C3,DEMENTIA
F01C4,DEMENTIA
F0280,DEMENTIA
F0281,DEMENTIA
F02811,DEMENTIA
F02818,DEMENTIA
F0282,DEMENTIA
F0283,DEMENTIA
F0284,DEMENTIA
F02A0,DEMENTIA
F02A11,DEMENTIA
F02A18,DEMENTIA
F02A2,DEMENTIA
F02A3,DEMENTIA
F02A4,DEMENTIA
F02B0,DEMENTIA
F02B11,DEMENTIA
F02B18,DEMENTIA
F02B2,DEMENTIA
F02B3,DEMENTIA
F02B4,DEMENTIA
F02C0,DEMENTIA
F02C11,DEMENTIA
F02C18,DEMENTIA
F02C2,DEMENTIA
F02C3,DEMENTIA
F02C4,DEMENTIA
F0390,DEMENTIA
F0391,DEMENTIA
F03911,DEMENTIA
F03918,DEMENTIA
F0392,DEMENTIA
F0393,DEMENTIA
F0394,DEMENTIA
F03A0,DEMENTIA
F03A11,DEMENTIA
F03A18,DEMENTIA
F03A2,DEMENTIA
F03A3,DEMENTIA
F03A4,DEMENTIA
F03B0,DEMENTIA
F03B11,DEMENTIA
F03B18,DEMENTIA
F03B2,DEMENTIA
F03B3,DEMENTIA
F03B4,DEMENTIA
F03C0,DEMENTIA
F03C11,DEMENTIA
F03C18,DEMENTIA
F03C2,DEMENTIA
F03C3,DEMENTIA
F03C4,DEMENTIA
F05,NEURO_OTH
F060,PSYCHOSES
F061,PSYCHOSES
F062,PSYCHOSES
F0630,PSYCHOSES
F0631,DEPRESS
F0632,DEPRESS
F0633,PSYCHOSES
F0634,DEPRESS
F0670,DEMENTIA
F0671,DEMENTIA
F1010,ALCOHOL
F1011,ALCOHOL
F10120,ALCOHOL
F10121,ALCOHOL
F10129,ALCOHOL
F10130,ALCOHOL
F10131,ALCOHOL
F10132,ALCOHOL
F10139,ALCOHOL
F1014,ALCOHOL
F10150,ALCOHOL
F10151,ALCOHOL
F10159,ALCOHOL
F10180,ALCOHOL
F10181,ALCOHOL
F10182,ALCOHOL
F10188,ALCOHOL
F1019,ALCOHOL
F1020,ALCOHOL
F1021,ALCOHOL
F10220,ALCOHOL
F10221,ALCOHOL
F10229,ALCOHOL
F10230,ALCOHOL
F10231,ALCOHOL
F10232,ALCOHOL
F10239,ALCOHOL
F1024,ALCOHOL
F10250,ALCOHOL
F10251,ALCOHOL
F10259,ALCOHOL
F1026,ALCOHOL
F1027,ALCOHOL
F10280,ALCOHOL
F10281,ALCOHOL
F10282,ALCOHOL
F10288,ALCOHOL
F1029,ALCOHOL
F1094,ALCOHOL
F10950,ALCOHOL
F10951,ALCOHOL
F10959,ALCOHOL
F1096,ALCOHOL
F1097,ALCOHOL
F10980,ALCOHOL
F1110,DRUG_ABUSE
F1111,DRUG_ABUSE
F11120,DRUG_ABUSE
F11121,DRUG_ABUSE
F11122,DRUG_ABUSE
F11129,DRUG_ABUSE
F1113,DRUG_ABUSE
F1114,DRUG_ABUSE
F11150,DRUG_ABUSEPSYCHOSES
F11151,DRUG_ABUSEPSYCHOSES
F11159,DRUG_ABUSEPSYCHOSES
F11181,DRUG_ABUSE
F11182,DRUG_ABUSE
F11188,DRUG_ABUSE
F1119,DRUG_ABUSE
F1120,DRUG_ABUSE
F1121,DRUG_ABUSE
F11220,DRUG_ABUSE
F11221,DRUG_ABUSE
F11222,DRUG_ABUSE
F11229,DRUG_ABUSE
F1123,DRUG_ABUSE
F1124,DRUG_ABUSE
F11250,DRUG_ABUSEPSYCHOSES
F11251,DRUG_ABUSEPSYCHOSES
F11259,DRUG_ABUSEPSYCHOSES
F11281,DRUG_ABUSE
F11282,DRUG_ABUSE
F11288,DRUG_ABUSE
F1129,DRUG_ABUSE
F11950,PSYCHOSES
F11951,PSYCHOSES
F11959,PSYCHOSES
F1210,DRUG_ABUSE
F1211,DRUG_ABUSE
F12120,DRUG_ABUSE
F12121,DRUG_ABUSE
F12122,DRUG_ABUSE
F12129,DRUG_ABUSE
F1213,DRUG_ABUSE
F12150,DRUG_ABUSEPSYCHOSES
F12151,DRUG_ABUSEPSYCHOSES
F12159,DRUG_ABUSEPSYCHOSES
F12180,DRUG_ABUSE
F12188,DRUG_ABUSE
F1219,DRUG_ABUSE
F1220,DRUG_ABUSE
F1221,DRUG_ABUSE
F12220,DRUG_ABUSE
F12221,DRUG_ABUSE
F12222,DRUG_ABUSE
F12229,DRUG_ABUSE
F1223,DRUG_ABUSE
F12250,DRUG_ABUSEPSYCHOSES
F12251,DRUG_ABUSEPSYCHOSES
F12259,DRUG_ABUSEPSYCHOSES
F12280,DRUG_ABUSE
F12288,DRUG_ABUSE
F1229,DRUG_ABUSE
F12950,PSYCHOSES
F12951,PSYCHOSES
F12959,PSYCHOSES
F1310,DRUG_ABUSE
F1311,DRUG_ABUSE
F13120,DRUG_ABUSE
F13121,DRUG_ABUSE
F13129,DRUG_ABUSE
F13130,DRUG_ABUSE
F13131,DRUG_ABUSE
F13132,DRUG_ABUSE
F13139,DRUG_ABUSE
F1314,DRUG_ABUSE
F13150,DRUG_ABUSEPSYCHOSES
F13151,DRUG_ABUSEPSYCHOSES
F13159,DRUG_ABUSEPSYCHOSES
F13180,DRUG_ABUSE
F13181,DRUG_ABUSE
F13182,DRUG_ABUSE
F13188,DRUG_ABUSE
F1319,DRUG_ABUSE
F1320,DRUG_ABUSE
F1321,DRUG_ABUSE
F13220,DRUG_ABUSE
F13221,DRUG_ABUSE
F13229,DRUG_ABUSE
F13230,DRUG_ABUSE
F13231,DRUG_ABUSE
F13232,DRUG_ABUSE
F13239,DRUG_ABUSE
F1324,DRUG_ABUSE
F13250,DRUG_ABUSEPSYCHOSES
F13251,DRUG_ABUSEPSYCHOSES
F13259,DRUG_ABUSEPSYCHOSES
F1326,DRUG_ABUSE
F1327,DRUG_ABUSE
F13280,DRUG_ABUSE
F13281,DRUG_ABUSE
F13282,DRUG_ABUSE
F13288,DRUG_ABUSE
F1329,DRUG_ABUSE
F13950,PSYCHOSES
F13951,PSYCHOSES
F13959,PSYCHOSES
F1410,DRUG_ABUSE
F1411,DRUG_ABUSE
F14120,DRUG_ABUSE
F14121,DRUG_ABUSE
F14122,DRUG_ABUSE
F14129,DRUG_ABUSE
F1413,DRUG_ABUSE
F1414,DRUG_ABUSE
F14150,DRUG_ABUSEPSYCHOSES
F14151,DRUG_ABUSEPSYCHOSES
F14159,DRUG_ABUSEPSYCHOSES
F14180,DRUG_ABUSE
F14181,DRUG_ABUSE
F14182,DRUG_ABUSE
F14188,DRUG_ABUSE
F1419,DRUG_ABUSE
F1420,DRUG_ABUSE
F1421,DRUG_ABUSE
F14220,DRUG_ABUSE
F14221,DRUG_ABUSE
F14222,DRUG_ABUSE
F14229,DRUG_ABUSE
F1423,DRUG_ABUSE
F1424,DRUG_ABUSE
F14250,DRUG_ABUSEPSYCHOSES
F14251,DRUG_ABUSEPSYCHOSES
F14259,DRUG_ABUSEPSYCHOSES
F14280,DRUG_ABUSE
F14281,DRUG_ABUSE
F14282,DRUG_ABUSE
F14288,DRUG_ABUSE
F1429,DRUG_ABUSE
F14950,PSYCHOSES
F14951,PSYCHOSES
F14959,PSYCHOSES
F1510,DRUG_ABUSE
F1511,DRUG_ABUSE
F15120,DRUG_ABUSE
F15121,DRUG_ABUSE
F15122,DRUG_ABUSE
F15129,DRUG_ABUSE
F1513,DRUG_ABUSE
F1514,DRUG_ABUSE
F15150,DRUG_ABUSEPSYCHOSES
F15151,DRUG_ABUSEPSYCHOSES
F15159,DRUG_ABUSEPSYCHOSES
F15180,DRUG_ABUSE
F15181,DRUG_ABUSE
F15182,DRUG_ABUSE
F15188,DRUG_ABUSE
F1519,DRUG_ABUSE
F1520,DRUG_ABUSE
F1521,DRUG_ABUSE
F15220,DRUG_ABUSE
F15221,DRUG_ABUSE
F15222,DRUG_ABUSE
F15229,DRUG_ABUSE
F1523,DRUG_ABUSE
F1524,DRUG_ABUSE
F15250,DRUG_ABUSEPSYCHOSES
F15251,DRUG_ABUSEPSYCHOSES
F15259,DRUG_ABUSEPSYCHOSES
F15280,DRUG_ABUSE
F15281,DRUG_ABUSE
F15282,DRUG_ABUSE
F15288,DRUG_ABUSE
F1529,DRUG_ABUSE
F15950,PSYCHOSES
F15951,PSYCHOSES
F15959,PSYCHOSES
F1610,DRUG_ABUSE
F1611,DRUG_ABUSE
F16120,DRUG_ABUSE
F16121,DRUG_ABUSE
F16122,DRUG_ABUSE
F16129,DRUG_ABUSE
F1614,DRUG_ABUSE
F16150,DRUG_ABUSEPSYCHOSES
F16151,DRUG_ABUSEPSYCHOSES
F16159,DRUG_ABUSEPSYCHOSES
F16180,DRUG_ABUSE
F16183,DRUG_ABUSE
F16188,DRUG_ABUSE
F1619,DRUG_ABUSE
F1620,DRUG_ABUSE
F1621,DRUG_ABUSE
F16220,DRUG_ABUSE
F16221,DRUG_ABUSE
F16229,DRUG_ABUSE
F1624,DRUG_ABUSE
F16250,DRUG_ABUSEPSYCHOSES
F16251,DRUG_ABUSEPSYCHOSES
F16259,DRUG_ABUSEPSYCHOSES
F16280,DRUG_ABUSE
F16283,DRUG_ABUSE
F16288,DRUG_ABUSE
F1629,DRUG_ABUSE
F16950,PSYCHOSES
F16951,PSYCHOSES
F16959,PSYCHOSES
F1810,DRUG_ABUSE
F1811,DRUG_ABUSE
F18120,DRUG_ABUSE
F18121,DRUG_ABUSE
F18129,DRUG_ABUSE
F1814,DRUG_ABUSE
F18150,DRUG_ABUSEPSYCHOSES
F18151,DRUG_ABUSEPSYCHOSES
F18159,DRUG_ABUSEPSYCHOSES
F1817,DRUG_ABUSE
F18180,DRUG_ABUSE
F18188,DRUG_ABUSE
F1819,DRUG_ABUSE
F1820,DRUG_ABUSE
F1821,DRUG_ABUSE
F18220,DRUG_ABUSE
F18221,DRUG_ABUSE
F18229,DRUG_ABUSE
F1824,DRUG_ABUSE
F18250,DRUG_ABUSEPSYCHOSES
F18251,DRUG_ABUSEPSYCHOSES
F18259,DRUG_ABUSEPSYCHOSES
F1827,DRUG_ABUSE
F18280,DRUG_ABUSE
F18288,DRUG_ABUSE
F1829,DRUG_ABUSE
F18950,PSYCHOSES
F18951,PSYCHOSES
F18959,PSYCHOSES
F1910,DRUG_ABUSE
F1911,DRUG_ABUSE
F19120,DRUG_ABUSE
F19121,DRUG_ABUSE
F19122,DRUG_ABUSE
F19129,DRUG_ABUSE
F19130,DRUG_ABUSE
F19131,DRUG_ABUSE
F19132,DRUG_ABUSE
F19139,DRUG_ABUSE
F1914,DRUG_ABUSE
F19150,DRUG_ABUSEPSYCHOSES
F19151,DRUG_ABUSEPSYCHOSES
F19159,DRUG_ABUSEPSYCHOSES
F1916,DRUG_ABUSE
F1917,DRUG_ABUSE
F19180,DRUG_ABUSE
F19181,DRUG_ABUSE
F19182,DRUG_ABUSE
F19188,DRUG_ABUSE
F1919,DRUG_ABUSE
F1920,DRUG_ABUSE
F1921,DRUG_ABUSE
F19220,DRUG_ABUSE
F19221,DRUG_ABUSE
F19222,DRUG_ABUSE
F19229,DRUG_ABUSE
F19230,DRUG_ABUSE
F19231,DRUG_ABUSE
F19232,DRUG_ABUSE
F19239,DRUG_ABUSE
F1924,DRUG_ABUSE
F19250,DRUG_ABUSEPSYCHOSES
F19251,DRUG_ABUSEPSYCHOSES
F19259,DRUG_ABUSEPSYCHOSES
F1926,DRUG_ABUSE
F1927,DRUG_ABUSE
F19280,DRUG_ABUSE
F19281,DRUG_ABUSE
F19282,DRUG_ABUSE
F19288,DRUG_ABUSE
F1929,DRUG_ABUSE
F19950,PSYCHOSES
F19951,PSYCHOSES
F19959,PSYCHOSES
F200,PSYCHOSES
F201,PSYCHOSES
F202,PSYCHOSES
F203,PSYCHOSES
F205,PSYCHOSES
F2081,PSYCHOSES
F2089,PSYCHOSES
F209,PSYCHOSES
F21,PSYCHOSES
F22,PSYCHOSES
F23,PSYCHOSES
F24,PSYCHOSES
F250,PSYCHOSES
F251,PSYCHOSES
F258,PSYCHOSES
F259,PSYCHOSES
F28,PSYCHOSES
F29,PSYCHOSES
F3010,PSYCHOSES
F3011,PSYCHOSES
F3012,PSYCHOSES
F3013,PSYCHOSES
F302,PSYCHOSES
F303,PSYCHOSES
F304,PSYCHOSES
F308,PSYCHOSES
F309,PSYCHOSES
F310,PSYCHOSES
F3110,PSYCHOSES
F3111,PSYCHOSES
F3112,PSYCHOSES
F3113,PSYCHOSES
F312,PSYCHOSES
F3130,PSYCHOSES
F3131,PSYCHOSES
F3132,PSYCHOSES
F314,PSYCHOSES
F315,PSYCHOSES
F3160,PSYCHOSES
F3161,PSYCHOSES
F3162,PSYCHOSES
F3163,PSYCHOSES
F3164,PSYCHOSES
F3170,PSYCHOSES
F3171,PSYCHOSES
F3172,PSYCHOSES
F3173,PSYCHOSES
F3174,PSYCHOSES
F3175,PSYCHOSES
F3176,PSYCHOSES
F3177,PSYCHOSES
F3178,PSYCHOSES
F3181,PSYCHOSES
F3189,PSYCHOSES
F319,PSYCHOSES
F320,DEPRESS
F321,DEPRESS
F322,DEPRESS
F323,DEPRESS
F324,PSYCHOSES
F325,PSYCHOSES
F328,DEPRESS
F3281,DEPRESS
F3289,DEPRESS
F329,DEPRESS
F32A,DEPRESS
F330,DEPRESS
F331,DEPRESS
F332,DEPRESS
F333,DEPRESS
F3340,PSYCHOSES
F3341,PSYCHOSES
F3342,PSYCHOSES
F338,DEPRESS
F339,DEPRESS
F340,PSYCHOSES
F341,DEPRESS
F348,PSYCHOSES
F3481,PSYCHOSES
F3489,PSYCHOSES
F349,PSYCHOSES
F39,PSYCHOSES
F4489,PSYCHOSES
F842,NEURO_OTH
F843,PSYCHOSES
G041,PARALYSIS
G08,NEURO_MOVT
G10,NEURO_MOVT
G110,NEURO_MOVT
G111,NEURO_MOVT
G1110,NEURO_MOVT
G1111,NEURO_MOVT
G1119,NEURO_MOVT
G112,NEURO_MOVT
G113,NEURO_MOVT
G114,NEURO_MOVT
G115,NEURO_MOVT
G116,NEURO_MOVT
G118,NEURO_MOVT
G119,NEURO_MOVT
G120,NEURO_MOVT
G121,NEURO_MOVT
G1220,NEURO_MOVT
G1221,NEURO_MOVT
G1222,NEURO_MOVT
G1223,NEURO_MOVT
G1224,NEURO_MOVT
G1225,NEURO_MOVT
G1229,NEURO_MOVT
G128,NEURO_MOVT
G129,NEURO_MOVT
G130,NEURO_MOVT
G131,NEURO_MOVT
G132,NEURO_MOVT
G138,NEURO_MOVT
G20,NEURO_MOVT
G20A1,NEURO_MOVT
G20A2,NEURO_MOVT
G20B1,NEURO_MOVT
G20B2,NEURO_MOVT
G20C,NEURO_MOVT
G210,NEURO_MOVT
G2111,NEURO_MOVT
G2119,NEURO_MOVT
G212,NEURO_MOVT
G213,NEURO_MOVT
G214,NEURO_MOVT
G218,NEURO_MOVT
G219,NEURO_MOVT
G230,NEURO_MOVT
G231,NEURO_MOVT
G232,NEURO_MOVT
G233,NEURO_MOVT
G238,NEURO_MOVT
G239,NEURO_MOVT
G2409,NEURO_MOVT
G241,NEURO_MOVT
G242,NEURO_MOVT
G248,NEURO_MOVT
G254,NEURO_MOVT
G255,NEURO_MOVT
G2570,NEURO_MOVT
G2571,NEURO_MOVT
G2579,NEURO_MOVT
G2581,NEURO_MOVT
G2582,NEURO_MOVT
G2583,NEURO_MOVT
G2589,NEURO_MOVT
G259,NEURO_MOVT
G26,NEURO_MOVT
G300,DEMENTIA
G301,DEMENTIA
G308,DEMENTIA
G309,DEMENTIA
G3101,DEMENTIA
G3109,DEMENTIA
G311,DEMENTIA
G312,DEMENTIA
G3180,DEMENTIA
G3181,DEMENTIA
G3182,DEMENTIA
G3183,DEMENTIA
G3185,DEMENTIA
G3186,DEMENTIA
G3189,DEMENTIA
G319,DEMENTIA
G320,NEURO_MOVT
G3281,NEURO_MOVT
G3289,NEURO_MOVT
G35,NEURO_OTH
G360,NEURO_OTH
G368,NEURO_OTH
G369,NEURO_OTH
G370,NEURO_OTH
G371,NEURO_OTH
G372,NEURO_OTH
G373,NEURO_OTH
G374,NEURO_OTH
G375,NEURO_OTH
G378,NEURO_OTH
G3781,NEURO_OTH
G3789,NEURO_OTH
G379,NEURO_OTH
G40001,NEURO_SEIZ
G40009,NEURO_SEIZ
G40011,NEURO_SEIZ
G40019,NEURO_SEIZ
G40101,NEURO_SEIZ
G40109,NEURO_SEIZ
G40111,NEURO_SEIZ
G40119,NEURO_SEIZ
G40201,NEURO_SEIZ
G40209,NEURO_SEIZ
G40211,NEURO_SEIZ
G40219,NEURO_SEIZ
G40301,NEURO_SEIZ
G40309,NEURO_SEIZ
G40311,NEURO_SEIZ
G40319,NEURO_SEIZ
G40401,NEURO_SEIZ
G40409,NEURO_SEIZ
G40411,NEURO_SEIZ
G40419,NEURO_SEIZ
G4042,NEURO_SEIZ
G40501,NEURO_SEIZ
G40509,NEURO_SEIZ
G40801,NEURO_SEIZ
G40802,NEURO_SEIZ
G40803,NEURO_SEIZ
G40804,NEURO_SEIZ
G40811,NEURO_SEIZ
G40812,NEURO_SEIZ
G40813,NEURO_SEIZ
G40814,NEURO_SEIZ
G40821,NEURO_SEIZ
G40822,NEURO_SEIZ
G40823,NEURO_SEIZ
G40824,NEURO_SEIZ
G40833,NEURO_SEIZ
G40834,NEURO_SEIZ
G40841,NEURO_SEIZ
G40842,NEURO_SEIZ
G40843,NEURO_SEIZ
G40844,NEURO_SEIZ
G4089,NEURO_SEIZ
G40901,NEURO_SEIZ
G40909,NEURO_SEIZ
G40911,NEURO_SEIZ
G40919,NEURO_SEIZ
G40A01,NEURO_SEIZ
G40A09,NEURO_SEIZ
G40A11,NEURO_SEIZ
G40A19,NEURO_SEIZ
G40B01,NEURO_SEIZ
G40B09,NEURO_SEIZ
G40B11,NEURO_SEIZ
G40B19,NEURO_SEIZ
G40C01,NEURO_SEIZ
G40C09,NEURO_SEIZ
G40C11,NEURO_SEIZ
G40C19,NEURO_SEIZ
G450,CBVD_POA
G451,CBVD_POA
G452,CBVD_POA
G453,CBVD_POA
G454,CBVD_POA
G458,CBVD_POA
G459,CBVD_POA
G460,CBVD_POA
G461,CBVD_POA
G462,CBVD_POA
G463,CBVD_POA
G464,CBVD_POA
G465,CBVD_POA
G466,CBVD_POA
G467,CBVD_POA
G468,CBVD_POA
G47411,NEURO_OTH
G47419,NEURO_OTH
G47421,NEURO_OTH
G47429,NEURO_OTH
G621,ALCOHOL
G800,PARALYSIS
G801,PARALYSIS
G802,PARALYSIS
G803,NEURO_MOVT
G808,PARALYSIS
G809,PARALYSIS
G8100,PARALYSIS
G8101,PARALYSIS
G8102,PARALYSIS
G8103,PARALYSIS
G8104,PARALYSIS
G8110,PARALYSIS
G8111,PARALYSIS
G8112,PARALYSIS
G8113,PARALYSIS
G8114,PARALYSIS
G8190,PARALYSIS
G8191,PARALYSIS
G8192,PARALYSIS
G8193,PARALYSIS
G8194,PARALYSIS
G8220,PARALYSIS
G8221,PARALYSIS
G8222,PARALYSIS
G8250,PARALYSIS
G8251,PARALYSIS
G8252,PARALYSIS
G8253,PARALYSIS
G8254,PARALYSIS
G830,PARALYSIS
G8310,PARALYSIS
G8311,PARALYSIS
G8312,PARALYSIS
G8313,PARALYSIS
G8314,PARALYSIS
G8320,PARALYSIS
G8321,PARALYSIS
G8322,PARALYSIS
G8323,PARALYSIS
G8324,PARALYSIS
G8330,PARALYSIS
G8331,PARALYSIS
G8332,PARALYSIS
G8333,PARALYSIS
G8334,PARALYSIS
G834,PARALYSIS
G835,PARALYSIS
G8381,PARALYSIS
G8382,PARALYSIS
G8383,PARALYSIS
G8384,PARALYSIS
G8389,PARALYSIS
G839,PARALYSIS
G890,NEURO_OTH
G910,NEURO_OTH
G911,NEURO_OTH
G912,NEURO_OTH
G913,NEURO_OTH
G914,NEURO_OTH
G918,NEURO_OTH
G919,NEURO_OTH
G930,NEURO_OTH
G9340,NEURO_OTH
G9341,NEURO_OTH
G9342,NEURO_OTH
G9343,NEURO_OTH
G9344,NEURO_OTH
G9345,NEURO_OTH_SEIZ
G9349,NEURO_OTH
G935,NEURO_OTH
G936,NEURO_OTH
G937,NEURO_OTH
G9381,NEURO_OTH
G9382,NEURO_OTH
G9389,NEURO_OTH
G939,NEURO_OTH
G94,NEURO_OTH
H3400,CBVD_POA
H3401,CBVD_POA
H3402,CBVD_POA
H3403,CBVD_POA
H3410,CBVD_POA
H3411,CBVD_POA
H3412,CBVD_POA
H3413,CBVD_POA
H34211,CBVD_POA
H34212,CBVD_POA
H34213,CBVD_POA
H34219,CBVD_POA
H34231,CBVD_POA
H34232,CBVD_POA
H34233,CBVD_POA
H34239,CBVD_POA
H35031,HTN_CX
H35032,HTN_CX
H35033,HTN_CX
H35039,HTN_CX
I011,VALVE
I018,VALVE
I019,VALVE
I020,VALVE
I050,VALVE
I051,VALVE
I052,VALVE
I058,VALVE
I059,VALVE
I060,VALVE
I061,VALVE
I062,VALVE
I068,VALVE
I069,VALVE
I070,VALVE
I071,VALVE
I072,VALVE
I078,VALVE
I079,VALVE
I080,VALVE
I081,VALVE
I082,VALVE
I083,VALVE
I088,VALVE
I089,VALVE
I091,VALVE
I0981,HF
I0989,VALVE
I10,HTN_UNCX
I110,HFHTN_CX
I119,HTN_CX
I120,HTN_CXRENLFL_SEV
I129,HTN_CX
I130,HFHTN_CX
I1310,HTN_CX
I1311,HTN_CXRENLFL_SEV
I132,HFHTN_CXRENLFL_SEV
I150,HTN_CX
I151,HTN_CX
I152,HTN_CX
I158,HTN_CX
I159,HTN_CX
I160,HTN_UNCX
I161,HTN_CX
I169,HTN_UNCX
I1A0,HTN_UNCX
I270,PULMCIRC
I271,PULMCIRC
I272,PULMCIRC
I2720,PULMCIRC
I2721,PULMCIRC
I2722,PULMCIRC
I2723,PULMCIRC
I2724,PULMCIRC
I2729,PULMCIRC
I2781,PULMCIRC
I2782,PULMCIRC
I2783,PULMCIRC
I2789,PULMCIRC
I279,PULMCIRC
I280,PULMCIRC
I281,PULMCIRC
I288,PULMCIRC
I289,PULMCIRC
I330,VALVE
I339,VALVE
I340,VALVE
I341,VALVE
I342,VALVE
I348,VALVE
I3481,VALVE
I3489,VALVE
I349,VALVE
I350,VALVE
I351,VALVE
I352,VALVE
I358,VALVE
I359,VALVE
I360,VALVE
I361,VALVE
I362,VALVE
I368,VALVE
I369,VALVE
I370,VALVE
I371,VALVE
I372,VALVE
I378,VALVE
I379,VALVE
I38,VALVE
I39,VALVE
I426,ALCOHOL
I501,HF
I5020,HF
I5021,HF
I5022,HF
I5023,HF
I5030,HF
I5031,HF
I5032,HF
I5033,HF
I5040,HF
I5041,HF
I5042,HF
I5043,HF
I50810,HF
I50811,HF
I50812,HF
I50813,HF
I50814,HF
I5082,HF
I5083,HF
I5084,HF
I5089,HF
I509,HF
I5181,HF
I6000,CBVD_POA
I6001,CBVD_POA
I6002,CBVD_POA
I6010,CBVD_POA
I6011,CBVD_POA
I6012,CBVD_POA
I602,CBVD_POA
I6020,CBVD_POA
I6021,CBVD_POA
I6022,CBVD_POA
I6030,CBVD_POA
I6031,CBVD_POA
I6032,CBVD_POA
I604,CBVD_POA
I6050,CBVD_POA
I6051,CBVD_POA
I6052,CBVD_POA
I606,CBVD_POA
I607,CBVD_POA
I608,CBVD_POA
I609,CBVD_POA
I610,CBVD_POA
I611,CBVD_POA
I612,CBVD_POA
I613,CBVD_POA
I614,CBVD_POA
I615,CBVD_POA
I616,CBVD_POA
I618,CBVD_POA
I619,CBVD_POA
I6200,CBVD_POA
I6203,CBVD_POA
I621,CBVD_POA
I629,CBVD_POA
I6300,CBVD_POA
I63011,CBVD_POA
I63012,CBVD_POA
I63013,CBVD_POA
I63019,CBVD_POA
I6302,CBVD_POA
I63031,CBVD_POA
I63032,CBVD_POA
I63033,CBVD_POA
I63039,CBVD_POA
I6309,CBVD_POA
I6310,CBVD_POA
I63111,CBVD_POA
I63112,CBVD_POA
I63113,CBVD_POA
I63119,CBVD_POA
I6312,CBVD_POA
I63131,CBVD_POA
I63132,CBVD_POA
I63133,CBVD_POA
I63139,CBVD_POA
I6319,CBVD_POA
I6320,CBVD_POA
I63211,CBVD_POA
I63212,CBVD_POA
I63213,CBVD_POA
I63219,CBVD_POA
I6322,CBVD_POA
I63231,CBVD_POA
I63232,CBVD_POA
I63233,CBVD_POA
I63239,CBVD_POA
I6329,CBVD_POA
I6330,CBVD_POA
I63311,CBVD_POA
I63312,CBVD_POA
I63313,CBVD_POA
I63319,CBVD_POA
I63321,CBVD_POA
I63322,CBVD_POA
I63323,CBVD_POA
I63329,CBVD_POA
I63331,CBVD_POA
I63332,CBVD_POA
I63333,CBVD_POA
I63339,CBVD_POA
I63341,CBVD_POA
I63342,CBVD_POA
I63343,CBVD_POA
I63349,CBVD_POA
I6339,CBVD_POA
I6340,CBVD_POA
I63411,CBVD_POA
I63412,CBVD_POA
I63413,CBVD_POA
I63419,CBVD_POA
I63421,CBVD_POA
I63422,CBVD_POA
I63423,CBVD_POA
I63429,CBVD_POA
I63431,CBVD_POA
I63432,CBVD_POA
I63433,CBVD_POA
I63439,CBVD_POA
I63441,CBVD_POA
I63442,CBVD_POA
I63443,CBVD_POA
I63449,CBVD_POA
I6349,CBVD_POA
I6350,CBVD_POA
I63511,CBVD_POA
I63512,CBVD_POA
I63513,CBVD_POA
I63519,CBVD_POA
I63521,CBVD_POA
I63522,CBVD_POA
I63523,CBVD_POA
I63529,CBVD_POA
I63531,CBVD_POA
I63532,CBVD_POA
I63533,CBVD_POA
I63539,CBVD_POA
I63541,CBVD_POA
I63542,CBVD_POA
I63543,CBVD_POA
I63549,CBVD_POA
I6359,CBVD_POA
I636,CBVD_POA
I638,CBVD_POA
I6381,CBVD_POA
I6389,CBVD_POA
I639,CBVD_POA
I6501,CBVD_POA
I6502,CBVD_POA
I6503,CBVD_POA
I6509,CBVD_POA
I651,CBVD_POA
I6521,CBVD_POA
I6522,CBVD_POA
I6523,CBVD_POA
I6529,CBVD_POA
I658,CBVD_POA
I659,CBVD_POA
I6601,CBVD_POA
I6602,CBVD_POA
I6603,CBVD_POA
I6609,CBVD_POA
I6611,CBVD_POA
I6612,CBVD_POA
I6613,CBVD_POA
I6619,CBVD_POA
I6621,CBVD_POA
I6622,CBVD_POA
I6623,CBVD_POA
I6629,CBVD_POA
I663,CBVD_POA
I668,CBVD_POA
I669,CBVD_POA
I674,HTN_CX
I69031,PARALYSIS
I69032,PARALYSIS
I69033,PARALYSIS
I69034,PARALYSIS
I69039,PARALYSIS
I69041,PARALYSIS
I69042,PARALYSIS
I69043,PARALYSIS
I69044,PARALYSIS
I69049,PARALYSIS
I69051,PARALYSIS
I69052,PARALYSIS
I69053,PARALYSIS
I69054,PARALYSIS
I69059,PARALYSIS
I69061,PARALYSIS
I69062,PARALYSIS
I69063,PARALYSIS
I69064,PARALYSIS
I69065,PARALYSIS
I69069,PARALYSIS
I69131,PARALYSIS
I69132,PARALYSIS
I69133,PARALYSIS
I69134,PARALYSIS
I69139,PARALYSIS
I69141,PARALYSIS
I69142,PARALYSIS
I69143,PARALYSIS
I69144,PARALYSIS
I69149,PARALYSIS
I69151,PARALYSIS
I69152,PARALYSIS
I69153,PARALYSIS
I69154,PARALYSIS
I69159,PARALYSIS
I69161,PARALYSIS
I69162,PARALYSIS
I69163,PARALYSIS
I69164,PARALYSIS
I69165,PARALYSIS
I69169,PARALYSIS
I69231,PARALYSIS
I69232,PARALYSIS
I69233,PARALYSIS
I69234,PARALYSIS
I69239,PARALYSIS
I69241,PARALYSIS
I69242,PARALYSIS
I69243,PARALYSIS
I69244,PARALYSIS
I69249,PARALYSIS
I69251,PARALYSIS
I69252,PARALYSIS
I69253,PARALYSIS
I69254,PARALYSIS
I69259,PARALYSIS
I69261,PARALYSIS
I69262,PARALYSIS
I69263,PARALYSIS
I69264,PARALYSIS
I69265,PARALYSIS
I69269,PARALYSIS
I6930,CBVD_SQLA
I6931,CBVD_SQLA
I69310,CBVD_SQLA
I69311,CBVD_SQLA
I69312,CBVD_SQLA
I69313,CBVD_SQLA
I69314,CBVD_SQLA
I69315,CBVD_SQLA
I69318,CBVD_SQLA
I69319,CBVD_SQLA
I69320,CBVD_SQLA
I69321,CBVD_SQLA
I69322,CBVD_SQLA
I69323,CBVD_SQLA
I69328,CBVD_SQLA
I69331,CBVD_SQLAPARALYSIS
I69332,CBVD_SQLAPARALYSIS
I69333,CBVD_SQLAPARALYSIS
I69334,CBVD_SQLAPARALYSIS
I69339,CBVD_SQLAPARALYSIS
I69341,CBVD_SQLAPARALYSIS
I69342,CBVD_SQLAPARALYSIS
I69343,CBVD_SQLAPARALYSIS
I69344,CBVD_SQLAPARALYSIS
I69349,CBVD_SQLAPARALYSIS
I69351,CBVD_SQLAPARALYSIS
I69352,CBVD_SQLAPARALYSIS
I69353,CBVD_SQLAPARALYSIS
I69354,CBVD_SQLAPARALYSIS
I69359,CBVD_SQLAPARALYSIS
I69361,CBVD_SQLAPARALYSIS
I69362,CBVD_SQLAPARALYSIS
I69363,CBVD_SQLAPARALYSIS
I69364,CBVD_SQLAPARALYSIS
I69365,CBVD_SQLAPARALYSIS
I69369,CBVD_SQLAPARALYSIS
I69390,CBVD_SQLA
I69391,CBVD_SQLA
I69392,CBVD_SQLA
I69393,CBVD_SQLA
I69398,CBVD_SQLA
I6980,CBVD_SQLA
I6981,CBVD_SQLA
I69810,CBVD_SQLA
I69811,CBVD_SQLA
I69812,CBVD_SQLA
I69813,CBVD_SQLA
I69814,CBVD_SQLA
I69815,CBVD_SQLA
I69818,CBVD_SQLA
I69819,CBVD_SQLA
I69820,CBVD_SQLA
I69821,CBVD_SQLA
I69822,CBVD_SQLA
I69823,CBVD_SQLA
I69828,CBVD_SQLA
I69831,CBVD_SQLAPARALYSIS
I69832,CBVD_SQLAPARALYSIS
I69833,CBVD_SQLAPARALYSIS
I69834,CBVD_SQLAPARALYSIS
I69839,CBVD_SQLAPARALYSIS
I69841,CBVD_SQLAPARALYSIS
I69842,CBVD_SQLAPARALYSIS
I69843,CBVD_SQLAPARALYSIS
I69844,CBVD_SQLAPARALYSIS
I69849,CBVD_SQLAPARALYSIS
I69851,CBVD_SQLAPARALYSIS
I69852,CBVD_SQLAPARALYSIS
I69853,CBVD_SQLAPARALYSIS
I69854,CBVD_SQLAPARALYSIS
I69859,CBVD_SQLAPARALYSIS
I69861,CBVD_SQLAPARALYSIS
I69862,CBVD_SQLAPARALYSIS
I69863,CBVD_SQLAPARALYSIS
I69864,CBVD_SQLAPARALYSIS
I69865,CBVD_SQLAPARALYSIS
I69869,CBVD_SQLAPARALYSIS
I69890,CBVD_SQLA
I69891,CBVD_SQLA
I69892,CBVD_SQLA
I69893,CBVD_SQLA
I69898,CBVD_SQLA
I6990,CBVD_SQLA
I6991,CBVD_SQLA
I69910,CBVD_SQLA
I69911,CBVD_SQLA
I69912,CBVD_SQLA
I69913,CBVD_SQLA
I69914,CBVD_SQLA
I69915,CBVD_SQLA
I69918,CBVD_SQLA
I69919,CBVD_SQLA
I69920,CBVD_SQLA
I69921,CBVD_SQLA
I69922,CBVD_SQLA
I69923,CBVD_SQLA
I69928,CBVD_SQLA
I69931,CBVD_SQLAPARALYSIS
I69932,CBVD_SQLAPARALYSIS
I69933,CBVD_SQLAPARALYSIS
I69934,CBVD_SQLAPARALYSIS
I69939,CBVD_SQLAPARALYSIS
I69941,CBVD_SQLAPARALYSIS
I69942,CBVD_SQLAPARALYSIS
I69943,CBVD_SQLAPARALYSIS
I69944,CBVD_SQLAPARALYSIS
I69949,CBVD_SQLAPARALYSIS
I69951,CBVD_SQLAPARALYSIS
I69952,CBVD_SQLAPARALYSIS
I69953,CBVD_SQLAPARALYSIS
I69954,CBVD_SQLAPARALYSIS
I69959,CBVD_SQLAPARALYSIS
I69961,CBVD_SQLAPARALYSIS
I69962,CBVD_SQLAPARALYSIS
I69963,CBVD_SQLAPARALYSIS
I69964,CBVD_SQLAPARALYSIS
I69965,CBVD_SQLAPARALYSIS
I69969,CBVD_SQLAPARALYSIS
I69990,CBVD_SQLA
I69991,CBVD_SQLA
I69992,CBVD_SQLA
I69993,CBVD_SQLA
I69998,CBVD_SQLA
I700,PERIVASC
I701,PERIVASC
I70201,PERIVASC
I70202,PERIVASC
I70203,PERIVASC
I70208,PERIVASC
I70209,PERIVASC
I70211,PERIVASC
I70212,PERIVASC
I70213,PERIVASC
I70218,PERIVASC
I70219,PERIVASC
I70221,PERIVASC
I70222,PERIVASC
I70223,PERIVASC
I70228,PERIVASC
I70229,PERIVASC
I70231,PERIVASC
I70232,PERIVASC
I70233,PERIVASC
I70234,PERIVASC
I70235,PERIVASC
I70238,PERIVASC
I70239,PERIVASC
I70241,PERIVASC
I70242,PERIVASC
I70243,PERIVASC
I70244,PERIVASC
I70245,PERIVASC
I70248,PERIVASC
I70249,PERIVASC
I7025,PERIVASC
I70261,PERIVASC
I70262,PERIVASC
I70263,PERIVASC
I70268,PERIVASC
I70269,PERIVASC
I70291,PERIVASC
I70292,PERIVASC
I70293,PERIVASC
I70298,PERIVASC
I70299,PERIVASC
I70301,PERIVASC
I70302,PERIVASC
I70303,PERIVASC
I70308,PERIVASC
I70309,PERIVASC
I70311,PERIVASC
I70312,PERIVASC
I70313,PERIVASC
I70318,PERIVASC
I70319,PERIVASC
I70321,PERIVASC
I70322,PERIVASC
I70323,PERIVASC
I70328,PERIVASC
I70329,PERIVASC
I70331,PERIVASC
I70332,PERIVASC
I70333,PERIVASC
I70334,PERIVASC
I70335,PERIVASC
I70338,PERIVASC
I70339,PERIVASC
I70341,PERIVASC
I70342,PERIVASC
I70343,PERIVASC
I70344,PERIVASC
I70345,PERIVASC
I70348,PERIVASC
I70349,PERIVASC
I7035,PERIVASC
I70361,PERIVASC
I70362,PERIVASC
I70363,PERIVASC
I70368,PERIVASC
I70369,PERIVASC
I70391,PERIVASC
I70392,PERIVASC
I70393,PERIVASC
I70398,PERIVASC
I70399,PERIVASC
I70401,PERIVASC
I70402,PERIVASC
I70403,PERIVASC
I70408,PERIVASC
I70409,PERIVASC
I70411,PERIVASC
I70412,PERIVASC
I70413,PERIVASC
I70418,PERIVASC
I70419,PERIVASC
I70421,PERIVASC
I70422,PERIVASC
I70423,PERIVASC
I70428,PERIVASC
I70429,PERIVASC
I70431,PERIVASC
I70432,PERIVASC
I70433,PERIVASC
I70434,PERIVASC
I70435,PERIVASC
I70438,PERIVASC
I70439,PERIVASC
I70441,PERIVASC
I70442,PERIVASC
I70443,PERIVASC
I70444,PERIVASC
I70445,PERIVASC
I70448,PERIVASC
I70449,PERIVASC
I7045,PERIVASC
I70461,PERIVASC
I70462,PERIVASC
I70463,PERIVASC
I70468,PERIVASC
I70469,PERIVASC
I70491,PERIVASC
I70492,PERIVASC
I70493,PERIVASC
I70498,PERIVASC
I70499,PERIVASC
I70501,PERIVASC
I70502,PERIVASC
I70503,PERIVASC
I70508,PERIVASC
I70509,PERIVASC
I70511,PERIVASC
I70512,PERIVASC
I70513,PERIVASC
I70518,PERIVASC
I70519,PERIVASC
I70521,PERIVASC
I70522,PERIVASC
I70523,PERIVASC
I70528,PERIVASC
I70529,PERIVASC
I70531,PERIVASC
I70532,PERIVASC
I70533,PERIVASC
I70534,PERIVASC
I70535,PERIVASC
I70538,PERIVASC
I70539,PERIVASC
I70541,PERIVASC
I70542,PERIVASC
I70543,PERIVASC
I70544,PERIVASC
I70545,PERIVASC
I70548,PERIVASC
I70549,PERIVASC
I7055,PERIVASC
I70561,PERIVASC
I70562,PERIVASC
I70563,PERIVASC
I70568,PERIVASC
I70569,PERIVASC
I70591,PERIVASC
I70592,PERIVASC
I70593,PERIVASC
I70598,PERIVASC
I70599,PERIVASC
I70601,PERIVASC
I70602,PERIVASC
I70603,PERIVASC
I70608,PERIVASC
I70609,PERIVASC
I70611,PERIVASC
I70612,PERIVASC
I70613,PERIVASC
I70618,PERIVASC
I70619,PERIVASC
I70621,PERIVASC
I70622,PERIVASC
I70623,PERIVASC
I70628,PERIVASC
I70629,PERIVASC
I70631,PERIVASC
I70632,PERIVASC
I70633,PERIVASC
I70634,PERIVASC
I70635,PERIVASC
I70638,PERIVASC
I70639,PERIVASC
I70641,PERIVASC
I70642,PERIVASC
I70643,PERIVASC
I70644,PERIVASC
I70645,PERIVASC
I70648,PERIVASC
I70649,PERIVASC
I7065,PERIVASC
I70661,PERIVASC
I70662,PERIVASC
I70663,PERIVASC
I70668,PERIVASC
I70669,PERIVASC
I70691,PERIVASC
I70692,PERIVASC
I70693,PERIVASC
I70698,PERIVASC
I70699,PERIVASC
I70701,PERIVASC
I70702,PERIVASC
I70703,PERIVASC
I70708,PERIVASC
I70709,PERIVASC
I70711,PERIVASC
I70712,PERIVASC
I70713,PERIVASC
I70718,PERIVASC
I70719,PERIVASC
I70721,PERIVASC
I70722,PERIVASC
I70723,PERIVASC
I70728,PERIVASC
I70729,PERIVASC
I70731,PERIVASC
I70732,PERIVASC
I70733,PERIVASC
I70734,PERIVASC
I70735,PERIVASC
I70738,PERIVASC
I70739,PERIVASC
I70741,PERIVASC
I70742,PERIVASC
I70743,PERIVASC
I70744,PERIVASC
I70745,PERIVASC
I70748,PERIVASC
I70749,PERIVASC
I7075,PERIVASC
I70761,PERIVASC
I70762,PERIVASC
I70763,PERIVASC
I70768,PERIVASC
I70769,PERIVASC
I70791,PERIVASC
I70792,PERIVASC
I70793,PERIVASC
I70798,PERIVASC
I70799,PERIVASC
I708,PERIVASC
I7090,PERIVASC
I7091,PERIVASC
I7092,PERIVASC
I7100,PERIVASC
I7101,PERIVASC
I71010,PERIVASC
I71011,PERIVASC
I71012,PERIVASC
I71019,PERIVASC
I7102,PERIVASC
I7103,PERIVASC
I711,PERIVASC
I7110,PERIVASC
I7111,PERIVASC
I7112,PERIVASC
I7113,PERIVASC
I712,PERIVASC
I7120,PERIVASC
I7121,PERIVASC
I7122,PERIVASC
I7123,PERIVASC
I713,PERIVASC
I7130,PERIVASC
I7131,PERIVASC
I7132,PERIVASC
I7133,PERIVASC
I714,PERIVASC
I7140,PERIVASC
I7141,PERIVASC
I7142,PERIVASC
I7143,PERIVASC
I715,PERIVASC
I7150,PERIVASC
I7151,PERIVASC
I7152,PERIVASC
I716,PERIVASC
I7160,PERIVASC
I7161,PERIVASC
I7162,PERIVASC
I718,PERIVASC
I719,PERIVASC
I720,PERIVASC
I721,PERIVASC
I722,PERIVASC
I723,PERIVASC
I724,PERIVASC
I725,PERIVASC
I726,PERIVASC
I728,PERIVASC
I729,PERIVASC
I7301,PERIVASC
I731,PERIVASC
I7381,PERIVASC
I7389,PERIVASC
I739,PERIVASC
I7401,PERIVASC
I7409,PERIVASC
I7410,PERIVASC
I7411,PERIVASC
I7419,PERIVASC
I742,PERIVASC
I743,PERIVASC
I744,PERIVASC
I745,PERIVASC
I748,PERIVASC
I749,PERIVASC
I75011,PERIVASC
I75012,PERIVASC
I75013,PERIVASC
I75019,PERIVASC
I75021,PERIVASC
I75022,PERIVASC
I75023,PERIVASC
I75029,PERIVASC
I7581,PERIVASC
I7589,PERIVASC
I770,PERIVASC
I771,PERIVASC
I772,PERIVASC
I773,PERIVASC
I774,PERIVASC
I775,PERIVASC
I776,PERIVASC
I7770,PERIVASC
I7771,PERIVASC
I7772,PERIVASC
I7773,PERIVASC
I7774,PERIVASC
I7775,PERIVASC
I7776,PERIVASC
I7777,PERIVASC
I7779,PERIVASC
I77810,PERIVASC
I77811,PERIVASC
I77812,PERIVASC
I77819,PERIVASC
I7782,PERIVASC
I7789,PERIVASC
I779,PERIVASC
I780,PERIVASC
I781,PERIVASC
I788,PERIVASC
I789,PERIVASC
I790,PERIVASC
I791,PERIVASC
I798,PERIVASC
I8500,LIVER_SEV
I8501,LIVER_SEV
I8510,LIVER_SEV
I8511,LIVER_SEV
I864,LIVER_SEV
I97130,HF
I97131,HF
J410,LUNG_CHRONIC
J411,LUNG_CHRONIC
J418,LUNG_CHRONIC
J42,LUNG_CHRONIC
J430,LUNG_CHRONIC
J431,LUNG_CHRONIC
J432,LUNG_CHRONIC
J438,LUNG_CHRONIC
J439,LUNG_CHRONIC
J440,LUNG_CHRONIC
J441,LUNG_CHRONIC
J4481,LUNG_CHRONIC
J4489,LUNG_CHRONIC
J449,LUNG_CHRONIC
J4520,LUNG_CHRONIC
J4521,LUNG_CHRONIC
J4522,LUNG_CHRONIC
J4530,LUNG_CHRONIC
J4531,LUNG_CHRONIC
J4532,LUNG_CHRONIC
J4540,LUNG_CHRONIC
J4541,LUNG_CHRONIC
J4542,LUNG_CHRONIC
J4550,LUNG_CHRONIC
J4551,LUNG_CHRONIC
J4552,LUNG_CHRONIC
J45901,LUNG_CHRONIC
J45902,LUNG_CHRONIC
J45909,LUNG_CHRONIC
J45990,LUNG_CHRONIC
J45991,LUNG_CHRONIC
J45998,LUNG_CHRONIC
J470,LUNG_CHRONIC
J471,LUNG_CHRONIC
J479,LUNG_CHRONIC
J4A0,LUNG_CHRONIC
J4A8,LUNG_CHRONIC
J4A9,LUNG_CHRONIC
J60,LUNG_CHRONIC
J61,LUNG_CHRONIC
J620,LUNG_CHRONIC
J628,LUNG_CHRONIC
J630,LUNG_CHRONIC
J631,LUNG_CHRONIC
J632,LUNG_CHRONIC
J633,LUNG_CHRONIC
J634,LUNG_CHRONIC
J635,LUNG_CHRONIC
J636,LUNG_CHRONIC
J64,LUNG_CHRONIC
J65,LUNG_CHRONIC
J660,LUNG_CHRONIC
J661,LUNG_CHRONIC
J662,LUNG_CHRONIC
J668,LUNG_CHRONIC
J670,LUNG_CHRONIC
J671,LUNG_CHRONIC
J672,LUNG_CHRONIC
J673,LUNG_CHRONIC
J674,LUNG_CHRONIC
J675,LUNG_CHRONIC
J676,LUNG_CHRONIC
J677,LUNG_CHRONIC
J678,LUNG_CHRONIC
J679,LUNG_CHRONIC
J684,LUNG_CHRONIC
J701,LUNG_CHRONIC
J703,LUNG_CHRONIC
K250,ULCER_PEPTIC
K251,ULCER_PEPTIC
K252,ULCER_PEPTIC
K253,ULCER_PEPTIC
K254,ULCER_PEPTIC
K255,ULCER_PEPTIC
K256,ULCER_PEPTIC
K257,ULCER_PEPTIC
K259,ULCER_PEPTIC
K260,ULCER_PEPTIC
K261,ULCER_PEPTIC
K262,ULCER_PEPTIC
K263,ULCER_PEPTIC
K264,ULCER_PEPTIC
K265,ULCER_PEPTIC
K266,ULCER_PEPTIC
K267,ULCER_PEPTIC
K269,ULCER_PEPTIC
K270,ULCER_PEPTIC
K271,ULCER_PEPTIC
K272,ULCER_PEPTIC
K273,ULCER_PEPTIC
K274,ULCER_PEPTIC
K275,ULCER_PEPTIC
K276,ULCER_PEPTIC
K277,ULCER_PEPTIC
K279,ULCER_PEPTIC
K280,ULCER_PEPTIC
K281,ULCER_PEPTIC
K282,ULCER_PEPTIC
K283,ULCER_PEPTIC
K284,ULCER_PEPTIC
K285,ULCER_PEPTIC
K286,ULCER_PEPTIC
K287,ULCER_PEPTIC
K289,ULCER_PEPTIC
K2920,ALCOHOL
K2921,ALCOHOL
K551,PERIVASC
K700,LIVER_MLD
K7010,ALCOHOLLIVER_MLD
K7011,ALCOHOLLIVER_MLD
K702,LIVER_MLD
K7030,LIVER_MLD
K7031,LIVER_MLD
K7040,LIVER_SEV
K7041,LIVER_SEV
K709,LIVER_MLD
K713,LIVER_MLD
K714,LIVER_MLD
K7150,LIVER_MLD
K7151,LIVER_MLD
K716,LIVER_MLD
K717,LIVER_MLD
K718,LIVER_MLD
K7210,LIVER_SEV
K7211,LIVER_SEV
K7290,LIVER_SEV
K7291,LIVER_SEV
K730,LIVER_MLD
K731,LIVER_MLD
K732,LIVER_MLD
K738,LIVER_MLD
K739,LIVER_MLD
K740,LIVER_MLD
K7400,LIVER_MLD
K7401,LIVER_MLD
K7402,LIVER_MLD
K741,LIVER_MLD
K742,LIVER_MLD
K743,LIVER_MLD
K744,LIVER_MLD
K745,LIVER_MLD
K7460,LIVER_MLD
K7469,LIVER_MLD
K751,LIVER_MLD
K752,LIVER_MLD
K753,LIVER_MLD
K754,LIVER_MLD
K7581,LIVER_MLD
K7589,LIVER_MLD
K759,LIVER_MLD
K760,LIVER_MLD
K761,LIVER_MLD
K762,LIVER_MLD
K763,LIVER_MLD
K764,LIVER_MLD
K765,LIVER_SEV
K766,LIVER_SEV
K767,LIVER_SEV
K7681,LIVER_MLD
K7682,LIVER_MLD_NEURO
K7689,LIVER_MLD
K769,LIVER_MLD
K77,LIVER_MLD
K9182,LIVER_SEV
L4050,AUTOIMMUNE
L4051,AUTOIMMUNE
L4054,AUTOIMMUNE
L4059,AUTOIMMUNE
L900,AUTOIMMUNE
L940,AUTOIMMUNE
L941,AUTOIMMUNE
L943,AUTOIMMUNE
M0500,AUTOIMMUNE
M05011,AUTOIMMUNE
M05012,AUTOIMMUNE
M05019,AUTOIMMUNE
M05021,AUTOIMMUNE
M05022,AUTOIMMUNE
M05029,AUTOIMMUNE
M05031,AUTOIMMUNE
M05032,AUTOIMMUNE
M05039,AUTOIMMUNE
M05041,AUTOIMMUNE
M05042,AUTOIMMUNE
M05049,AUTOIMMUNE
M05051,AUTOIMMUNE
M05052,AUTOIMMUNE
M05059,AUTOIMMUNE
M05061,AUTOIMMUNE
M05062,AUTOIMMUNE
M05069,AUTOIMMUNE
M05071,AUTOIMMUNE
M05072,AUTOIMMUNE
M05079,AUTOIMMUNE
M0509,AUTOIMMUNE
M0510,AUTOIMMUNE
M05111,AUTOIMMUNE
M05112,AUTOIMMUNE
M05119,AUTOIMMUNE
M05121,AUTOIMMUNE
M05122,AUTOIMMUNE
M05129,AUTOIMMUNE
M05131,AUTOIMMUNE
M05132,AUTOIMMUNE
M05139,AUTOIMMUNE
M05141,AUTOIMMUNE
M05142,AUTOIMMUNE
M05149,AUTOIMMUNE
M05151,AUTOIMMUNE
M05152,AUTOIMMUNE
M05159,AUTOIMMUNE
M05161,AUTOIMMUNE
M05162,AUTOIMMUNE
M05169,AUTOIMMUNE
M05171,AUTOIMMUNE
M05172,AUTOIMMUNE
M05179,AUTOIMMUNE
M0519,AUTOIMMUNE
M0520,AUTOIMMUNE
M05211,AUTOIMMUNE
M05212,AUTOIMMUNE
M05219,AUTOIMMUNE
M05221,AUTOIMMUNE
M05222,AUTOIMMUNE
M05229,AUTOIMMUNE
M05231,AUTOIMMUNE
M05232,AUTOIMMUNE
M05239,AUTOIMMUNE
M05241,AUTOIMMUNE
M05242,AUTOIMMUNE
M05249,AUTOIMMUNE
M05251,AUTOIMMUNE
M05252,AUTOIMMUNE
M05259,AUTOIMMUNE
M05261,AUTOIMMUNE
M05262,AUTOIMMUNE
M05269,AUTOIMMUNE
M05271,AUTOIMMUNE
M05272,AUTOIMMUNE
M05279,AUTOIMMUNE
M0529,AUTOIMMUNE
M0530,AUTOIMMUNE
M05311,AUTOIMMUNE
M05312,AUTOIMMUNE
M05319,AUTOIMMUNE
M05321,AUTOIMMUNE
M05322,AUTOIMMUNE
M05329,AUTOIMMUNE
M05331,AUTOIMMUNE
M05332,AUTOIMMUNE
M05339,AUTOIMMUNE
M05341,AUTOIMMUNE
M05342,AUTOIMMUNE
M05349,AUTOIMMUNE
M05351,AUTOIMMUNE
M05352,AUTOIMMUNE
M05359,AUTOIMMUNE
M05361,AUTOIMMUNE
M05362,AUTOIMMUNE
M05369,AUTOIMMUNE
M05371,AUTOIMMUNE
M05372,AUTOIMMUNE
M05379,AUTOIMMUNE
M0539,AUTOIMMUNE
M0540,AUTOIMMUNE
M05411,AUTOIMMUNE
M05412,AUTOIMMUNE
M05419,AUTOIMMUNE
M05421,AUTOIMMUNE
M05422,AUTOIMMUNE
M05429,AUTOIMMUNE
M05431,AUTOIMMUNE
M05432,AUTOIMMUNE
M05439,AUTOIMMUNE
M05441,AUTOIMMUNE
M05442,AUTOIMMUNE
M05449,AUTOIMMUNE
M05451,AUTOIMMUNE
M05452,AUTOIMMUNE
M05459,AUTOIMMUNE
M05461,AUTOIMMUNE
M05462,AUTOIMMUNE
M05469,AUTOIMMUNE
M05471,AUTOIMMUNE
M05472,AUTOIMMUNE
M05479,AUTOIMMUNE
M0549,AUTOIMMUNE
M0550,AUTOIMMUNE
M05511,AUTOIMMUNE
M05512,AUTOIMMUNE
M05519,AUTOIMMUNE
M05521,AUTOIMMUNE
M05522,AUTOIMMUNE
M05529,AUTOIMMUNE
M05531,AUTOIMMUNE
M05532,AUTOIMMUNE
M05539,AUTOIMMUNE
M05541,AUTOIMMUNE
M05542,AUTOIMMUNE
M05549,AUTOIMMUNE
M05551,AUTOIMMUNE
M05552,AUTOIMMUNE
M05559,AUTOIMMUNE
M05561,AUTOIMMUNE
M05562,AUTOIMMUNE
M05569,AUTOIMMUNE
M05571,AUTOIMMUNE
M05572,AUTOIMMUNE
M05579,AUTOIMMUNE
M0559,AUTOIMMUNE
M0560,AUTOIMMUNE
M05611,AUTOIMMUNE
M05612,AUTOIMMUNE
M05619,AUTOIMMUNE
M05621,AUTOIMMUNE
M05622,AUTOIMMUNE
M05629,AUTOIMMUNE
M05631,AUTOIMMUNE
M05632,AUTOIMMUNE
M05639,AUTOIMMUNE
M05641,AUTOIMMUNE
M05642,AUTOIMMUNE
M05649,AUTOIMMUNE
M05651,AUTOIMMUNE
M05652,AUTOIMMUNE
M05659,AUTOIMMUNE
M05661,AUTOIMMUNE
M05662,AUTOIMMUNE
M05669,AUTOIMMUNE
M05671,AUTOIMMUNE
M05672,AUTOIMMUNE
M05679,AUTOIMMUNE
M0569,AUTOIMMUNE
M0570,AUTOIMMUNE
M05711,AUTOIMMUNE
M05712,AUTOIMMUNE
M05719,AUTOIMMUNE
M05721,AUTOIMMUNE
M05722,AUTOIMMUNE
M05729,AUTOIMMUNE
M05731,AUTOIMMUNE
M05732,AUTOIMMUNE
M05739,AUTOIMMUNE
M05741,AUTOIMMUNE
M05742,AUTOIMMUNE
M05749,AUTOIMMUNE
M05751,AUTOIMMUNE
M05752,AUTOIMMUNE
M05759,AUTOIMMUNE
M05761,AUTOIMMUNE
M05762,AUTOIMMUNE
M05769,AUTOIMMUNE
M05771,AUTOIMMUNE
M05772,AUTOIMMUNE
M05779,AUTOIMMUNE
M0579,AUTOIMMUNE
M057A,AUTOIMMUNE
M0580,AUTOIMMUNE
M05811,AUTOIMMUNE
M05812,AUTOIMMUNE
M05819,AUTOIMMUNE
M05821,AUTOIMMUNE
M05822,AUTOIMMUNE
M05829,AUTOIMMUNE
M05831,AUTOIMMUNE
M05832,AUTOIMMUNE
M05839,AUTOIMMUNE
M05841,AUTOIMMUNE
M05842,AUTOIMMUNE
M05849,AUTOIMMUNE
M05851,AUTOIMMUNE
M05852,AUTOIMMUNE
M05859,AUTOIMMUNE
M05861,AUTOIMMUNE
M05862,AUTOIMMUNE
M05869,AUTOIMMUNE
M05871,AUTOIMMUNE
M05872,AUTOIMMUNE
M05879,AUTOIMMUNE
M0589,AUTOIMMUNE
M058A,AUTOIMMUNE
M059,AUTOIMMUNE
M0600,AUTOIMMUNE
M06011,AUTOIMMUNE
M06012,AUTOIMMUNE
M06019,AUTOIMMUNE
M06021,AUTOIMMUNE
M06022,AUTOIMMUNE
M06029,AUTOIMMUNE
M06031,AUTOIMMUNE
M06032,AUTOIMMUNE
M06039,AUTOIMMUNE
M06041,AUTOIMMUNE
M06042,AUTOIMMUNE
M06049,AUTOIMMUNE
M06051,AUTOIMMUNE
M06052,AUTOIMMUNE
M06059,AUTOIMMUNE
M06061,AUTOIMMUNE
M06062,AUTOIMMUNE
M06069,AUTOIMMUNE
M06071,AUTOIMMUNE
M06072,AUTOIMMUNE
M06079,AUTOIMMUNE
M0608,AUTOIMMUNE
M0609,AUTOIMMUNE
M060A,AUTOIMMUNE
M061,AUTOIMMUNE
M0620,AUTOIMMUNE
M06211,AUTOIMMUNE
M06212,AUTOIMMUNE
M06219,AUTOIMMUNE
M06221,AUTOIMMUNE
M06222,AUTOIMMUNE
M06229,AUTOIMMUNE
M06231,AUTOIMMUNE
M06232,AUTOIMMUNE
M06239,AUTOIMMUNE
M06241,AUTOIMMUNE
M06242,AUTOIMMUNE
M06249,AUTOIMMUNE
M06251,AUTOIMMUNE
M06252,AUTOIMMUNE
M06259,AUTOIMMUNE
M06261,AUTOIMMUNE
M06262,AUTOIMMUNE
M06269,AUTOIMMUNE
M06271,AUTOIMMUNE
M06272,AUTOIMMUNE
M06279,AUTOIMMUNE
M0628,AUTOIMMUNE
M0629,AUTOIMMUNE
M0630,AUTOIMMUNE
M06311,AUTOIMMUNE
M06312,AUTOIMMUNE
M06319,AUTOIMMUNE
M06321,AUTOIMMUNE
M06322,AUTOIMMUNE
M06329,AUTOIMMUNE
M06331,AUTOIMMUNE
M06332,AUTOIMMUNE
M06339,AUTOIMMUNE
M06341,AUTOIMMUNE
M06342,AUTOIMMUNE
M06349,AUTOIMMUNE
M06351,AUTOIMMUNE
M06352,AUTOIMMUNE
M06359,AUTOIMMUNE
M06361,AUTOIMMUNE
M06362,AUTOIMMUNE
M06369,AUTOIMMUNE
M06371,AUTOIMMUNE
M06372,AUTOIMMUNE
M06379,AUTOIMMUNE
M0638,AUTOIMMUNE
M0639,AUTOIMMUNE
M064,AUTOIMMUNE
M0680,AUTOIMMUNE
M06811,AUTOIMMUNE
M06812,AUTOIMMUNE
M06819,AUTOIMMUNE
M06821,AUTOIMMUNE
M06822,AUTOIMMUNE
M06829,AUTOIMMUNE
M06831,AUTOIMMUNE
M06832,AUTOIMMUNE
M06839,AUTOIMMUNE
M06841,AUTOIMMUNE
M06842,AUTOIMMUNE
M06849,AUTOIMMUNE
M06851,AUTOIMMUNE
M06852,AUTOIMMUNE
M06859,AUTOIMMUNE
M06861,AUTOIMMUNE
M06862,AUTOIMMUNE
M06869,AUTOIMMUNE
M06871,AUTOIMMUNE
M06872,AUTOIMMUNE
M06879,AUTOIMMUNE
M0688,AUTOIMMUNE
M0689,AUTOIMMUNE
M068A,AUTOIMMUNE
M069,AUTOIMMUNE
M0760,AUTOIMMUNE
M07611,AUTOIMMUNE
M07612,AUTOIMMUNE
M07619,AUTOIMMUNE
M07621,AUTOIMMUNE
M07622,AUTOIMMUNE
M07629,AUTOIMMUNE
M07631,AUTOIMMUNE
M07632,AUTOIMMUNE
M07639,AUTOIMMUNE
M07641,AUTOIMMUNE
M07642,AUTOIMMUNE
M07649,AUTOIMMUNE
M07651,AUTOIMMUNE
M07652,AUTOIMMUNE
M07659,AUTOIMMUNE
M07661,AUTOIMMUNE
M07662,AUTOIMMUNE
M07669,AUTOIMMUNE
M07671,AUTOIMMUNE
M07672,AUTOIMMUNE
M07679,AUTOIMMUNE
M0768,AUTOIMMUNE
M0769,AUTOIMMUNE
M0800,AUTOIMMUNE
M08011,AUTOIMMUNE
M08012,AUTOIMMUNE
M08019,AUTOIMMUNE
M08021,AUTOIMMUNE
M08022,AUTOIMMUNE
M08029,AUTOIMMUNE
M08031,AUTOIMMUNE
M08032,AUTOIMMUNE
M08039,AUTOIMMUNE
M08041,AUTOIMMUNE
M08042,AUTOIMMUNE
M08049,AUTOIMMUNE
M08051,AUTOIMMUNE
M08052,AUTOIMMUNE
M08059,AUTOIMMUNE
M08061,AUTOIMMUNE
M08062,AUTOIMMUNE
M08069,AUTOIMMUNE
M08071,AUTOIMMUNE
M08072,AUTOIMMUNE
M08079,AUTOIMMUNE
M0808,AUTOIMMUNE
M0809,AUTOIMMUNE
M080A,AUTOIMMUNE
M081,AUTOIMMUNE
M0820,AUTOIMMUNE
M08211,AUTOIMMUNE
M08212,AUTOIMMUNE
M08219,AUTOIMMUNE
M08221,AUTOIMMUNE
M08222,AUTOIMMUNE
M08229,AUTOIMMUNE
M08231,AUTOIMMUNE
M08232,AUTOIMMUNE
M08239,AUTOIMMUNE
M08241,AUTOIMMUNE
M08242,AUTOIMMUNE
M08249,AUTOIMMUNE
M08251,AUTOIMMUNE
M08252,AUTOIMMUNE
M08259,AUTOIMMUNE
M08261,AUTOIMMUNE
M08262,AUTOIMMUNE
M08269,AUTOIMMUNE
M08271,AUTOIMMUNE
M08272,AUTOIMMUNE
M08279,AUTOIMMUNE
M0828,AUTOIMMUNE
M0829,AUTOIMMUNE
M082A,AUTOIMMUNE
M083,AUTOIMMUNE
M0840,AUTOIMMUNE
M08411,AUTOIMMUNE
M08412,AUTOIMMUNE
M08419,AUTOIMMUNE
M08421,AUTOIMMUNE
M08422,AUTOIMMUNE
M08429,AUTOIMMUNE
M08431,AUTOIMMUNE
M08432,AUTOIMMUNE
M08439,AUTOIMMUNE
M08441,AUTOIMMUNE
M08442,AUTOIMMUNE
M08449,AUTOIMMUNE
M08451,AUTOIMMUNE
M08452,AUTOIMMUNE
M08459,AUTOIMMUNE
M08461,AUTOIMMUNE
M08462,AUTOIMMUNE
M08469,AUTOIMMUNE
M08471,AUTOIMMUNE
M08472,AUTOIMMUNE
M08479,AUTOIMMUNE
M0848,AUTOIMMUNE
M084A,AUTOIMMUNE
M0880,AUTOIMMUNE
M08811,AUTOIMMUNE
M08812,AUTOIMMUNE
M08819,AUTOIMMUNE
M08821,AUTOIMMUNE
M08822,AUTOIMMUNE
M08829,AUTOIMMUNE
M08831,AUTOIMMUNE
M08832,AUTOIMMUNE
M08839,AUTOIMMUNE
M08841,AUTOIMMUNE
M08842,AUTOIMMUNE
M08849,AUTOIMMUNE
M08851,AUTOIMMUNE
M08852,AUTOIMMUNE
M08859,AUTOIMMUNE
M08861,AUTOIMMUNE
M08862,AUTOIMMUNE
M08869,AUTOIMMUNE
M08871,AUTOIMMUNE
M08872,AUTOIMMUNE
M08879,AUTOIMMUNE
M0888,AUTOIMMUNE
M0889,AUTOIMMUNE
M0890,AUTOIMMUNE
M08911,AUTOIMMUNE
M08912,AUTOIMMUNE
M08919,AUTOIMMUNE
M08921,AUTOIMMUNE
M08922,AUTOIMMUNE
M08929,AUTOIMMUNE
M08931,AUTOIMMUNE
M08932,AUTOIMMUNE
M08939,AUTOIMMUNE
M08941,AUTOIMMUNE
M08942,AUTOIMMUNE
M08949,AUTOIMMUNE
M08951,AUTOIMMUNE
M08952,AUTOIMMUNE
M08959,AUTOIMMUNE
M08961,AUTOIMMUNE
M08962,AUTOIMMUNE
M08969,AUTOIMMUNE
M08971,AUTOIMMUNE
M08972,AUTOIMMUNE
M08979,AUTOIMMUNE
M0898,AUTOIMMUNE
M0899,AUTOIMMUNE
M089A,AUTOIMMUNE
M1200,AUTOIMMUNE
M12011,AUTOIMMUNE
M12012,AUTOIMMUNE
M12019,AUTOIMMUNE
M12021,AUTOIMMUNE
M12022,AUTOIMMUNE
M12029,AUTOIMMUNE
M12031,AUTOIMMUNE
M12032,AUTOIMMUNE
M12039,AUTOIMMUNE
M12041,AUTOIMMUNE
M12042,AUTOIMMUNE
M12049,AUTOIMMUNE
M12051,AUTOIMMUNE
M12052,AUTOIMMUNE
M12059,AUTOIMMUNE
M12061,AUTOIMMUNE
M12062,AUTOIMMUNE
M12069,AUTOIMMUNE
M12071,AUTOIMMUNE
M12072,AUTOIMMUNE
M12079,AUTOIMMUNE
M1208,AUTOIMMUNE
M1209,AUTOIMMUNE
M300,AUTOIMMUNE
M301,AUTOIMMUNE
M302,AUTOIMMUNE
M303,AUTOIMMUNE
M308,AUTOIMMUNE
M310,AUTOIMMUNE
M311,AUTOIMMUNE
M3110,AUTOIMMUNE
M3111,AUTOIMMUNE
M3119,AUTOIMMUNE
M312,AUTOIMMUNE
M3130,AUTOIMMUNE
M3131,AUTOIMMUNE
M314,AUTOIMMUNE
M315,AUTOIMMUNE
M316,AUTOIMMUNE
M317,AUTOIMMUNE
M318,AUTOIMMUNE
M319,AUTOIMMUNE
M320,AUTOIMMUNE
M3210,AUTOIMMUNE
M3211,VALVE_AUTOIMMUNE
M3212,AUTOIMMUNE
M3213,AUTOIMMUNE
M3214,AUTOIMMUNE
M3215,AUTOIMMUNE
M3219,AUTOIMMUNE
M328,AUTOIMMUNE
M329,AUTOIMMUNE
M3300,AUTOIMMUNE
M3301,AUTOIMMUNE
M3302,AUTOIMMUNE
M3303,AUTOIMMUNE
M3309,AUTOIMMUNE
M3310,AUTOIMMUNE
M3311,AUTOIMMUNE
M3312,AUTOIMMUNE
M3313,AUTOIMMUNE
M3319,AUTOIMMUNE
M3320,AUTOIMMUNE
M3321,AUTOIMMUNE
M3322,AUTOIMMUNE
M3329,AUTOIMMUNE
M3390,AUTOIMMUNE
M3391,AUTOIMMUNE
M3392,AUTOIMMUNE
M3393,AUTOIMMUNE
M3399,AUTOIMMUNE
M340,AUTOIMMUNE
M341,AUTOIMMUNE
M342,AUTOIMMUNE
M3481,AUTOIMMUNE
M3482,AUTOIMMUNE
M3483,AUTOIMMUNE
M3489,AUTOIMMUNE
M349,AUTOIMMUNE
M3500,AUTOIMMUNE
M3501,AUTOIMMUNE
M3502,AUTOIMMUNE
M3503,AUTOIMMUNE
M3504,AUTOIMMUNE
M3505,AUTOIMMUNE
M3506,AUTOIMMUNE
M3507,AUTOIMMUNE
M3508,AUTOIMMUNE
M3509,AUTOIMMUNE
M350A,AUTOIMMUNE
M350B,AUTOIMMUNE
M350C,AUTOIMMUNE
M351,AUTOIMMUNE
M352,AUTOIMMUNE
M353,AUTOIMMUNE
M355,AUTOIMMUNE
M356,AUTOIMMUNE
M358,AUTOIMMUNE
M3581,AUTOIMMUNE
M3589,AUTOIMMUNE
M359,AUTOIMMUNE
M360,AUTOIMMUNE
M361,AUTOIMMUNE
M368,AUTOIMMUNE
M450,AUTOIMMUNE
M451,AUTOIMMUNE
M452,AUTOIMMUNE
M453,AUTOIMMUNE
M454,AUTOIMMUNE
M455,AUTOIMMUNE
M456,AUTOIMMUNE
M457,AUTOIMMUNE
M458,AUTOIMMUNE
M459,AUTOIMMUNE
M45A0,AUTOIMMUNE
M45A1,AUTOIMMUNE
M45A2,AUTOIMMUNE
M45A3,AUTOIMMUNE
M45A4,AUTOIMMUNE
M45A5,AUTOIMMUNE
M45A6,AUTOIMMUNE
M45A7,AUTOIMMUNE
M45A8,AUTOIMMUNE
M45AB,AUTOIMMUNE
N183,RENLFL_MOD
N1830,RENLFL_MOD
N1831,RENLFL_MOD
N1832,RENLFL_MOD
N184,RENLFL_SEV
N185,RENLFL_SEV
N186,RENLFL_SEV
N189,RENLFL_MOD
N19,RENLFL_MOD
O10011,HTN_UNCX
O10012,HTN_UNCX
O10013,HTN_UNCX
O10019,HTN_UNCX
O1002,HTN_UNCX
O1003,HTN_UNCX
O10111,HTN_CX
O10112,HTN_CX
O10113,HTN_CX
O10119,HTN_CX
O1012,HTN_CX
O1013,HTN_CX
O10211,HTN_CX
O10212,HTN_CX
O10213,HTN_CX
O10219,HTN_CX
O1022,HTN_CX
O1023,HTN_CX
O10311,HTN_CX
O10312,HTN_CX
O10313,HTN_CX
O10319,HTN_CX
O1032,HTN_CX
O1033,HTN_CX
O10411,HTN_CX
O10412,HTN_CX
O10413,HTN_CX
O10419,HTN_CX
O1042,HTN_CX
O1043,HTN_CX
O10911,HTN_CX
O10912,HTN_CX
O10913,HTN_CX
O10919,HTN_CX
O1092,HTN_CX
O1093,HTN_CX
O111,HTN_CX
O112,HTN_CX
O113,HTN_CX
O114,HTN_CX
O115,HTN_CX
O119,HTN_CX
O161,HTN_CX
O162,HTN_CX
O163,HTN_CX
O164,HTN_CX
O165,HTN_CX
O169,HTN_CX
O24011,DIAB_UNCX
O24012,DIAB_UNCX
O24013,DIAB_UNCX
O24019,DIAB_UNCX
O2402,DIAB_UNCX
O2403,DIAB_UNCX
O24111,DIAB_UNCX
O24112,DIAB_UNCX
O24113,DIAB_UNCX
O24119,DIAB_UNCX
O2412,DIAB_UNCX
O2413,DIAB_UNCX
O24311,DIAB_UNCX
O24312,DIAB_UNCX
O24313,DIAB_UNCX
O24319,DIAB_UNCX
O2432,DIAB_UNCX
O2433,DIAB_UNCX
O24410,DIAB_UNCX
O24414,DIAB_UNCX
O24415,DIAB_UNCX
O24419,DIAB_UNCX
O24420,DIAB_UNCX
O24424,DIAB_UNCX
O24425,DIAB_UNCX
O24429,DIAB_UNCX
O24430,DIAB_UNCX
O24434,DIAB_UNCX
O24435,DIAB_UNCX
O24439,DIAB_UNCX
O24811,DIAB_UNCX
O24812,DIAB_UNCX
O24813,DIAB_UNCX
O24819,DIAB_UNCX
O2482,DIAB_UNCX
O2483,DIAB_UNCX
O24911,DIAB_UNCX
O24912,DIAB_UNCX
O24913,DIAB_UNCX
O24919,DIAB_UNCX
O2492,DIAB_UNCX
O2493,DIAB_UNCX
O2510,WGHTLOSS
O2511,WGHTLOSS
O2512,WGHTLOSS
O2513,WGHTLOSS
O252,WGHTLOSS
O253,WGHTLOSS
O29121,HF
O29122,HF
O29123,HF
O29129,HF
O905,THYROID_OTH
O98711,AIDS
O98712,AIDS
O98713,AIDS
O98719,AIDS
O9872,AIDS
O9873,AIDS
O99011,ANEMDEF
O99012,ANEMDEF
O99013,ANEMDEF
O99019,ANEMDEF
O99111,COAG
O99112,COAG
O99113,COAG
O99119,COAG
O9912,COAG
O9913,COAG
O99210,OBESE
O99211,OBESE
O99212,OBESE
O99213,OBESE
O99214,OBESE
O99215,OBESE
O99310,ALCOHOL
O99311,ALCOHOL
O99312,ALCOHOL
O99313,ALCOHOL
O99314,ALCOHOL
O99315,ALCOHOL
O99320,DRUG_ABUSE
O99321,DRUG_ABUSE
O99322,DRUG_ABUSE
O99323,DRUG_ABUSE
O99324,DRUG_ABUSE
O99325,DRUG_ABUSE
O99350,NEURO_OTH
O99351,NEURO_OTH
O99352,NEURO_OTH
O99353,NEURO_OTH
O99354,NEURO_OTH
O99355,NEURO_OTH
P9160,NEURO_OTH
P9161,NEURO_OTH
P9162,NEURO_OTH
P9163,NEURO_OTH
P91821,CBVD_SQLA
P91822,CBVD_SQLA
P91823,CBVD_SQLA
P91829,CBVD_SQLA
Q220,VALVE
Q221,VALVE
Q222,VALVE
Q223,VALVE
Q224,VALVE
Q225,VALVE
Q226,VALVE
Q228,VALVE
Q229,VALVE
Q230,VALVE
Q231,VALVE
Q232,VALVE
Q233,VALVE
Q234,VALVE
Q238,VALVE
Q2381,VALVE
Q2382,VALVE
Q2388,VALVE
Q239,VALVE
R532,PARALYSIS
R561,NEURO_SEIZ
R569,NEURO_SEIZ
R570,HF
R634,WGHTLOSS
R64,WGHTLOSS
R939,OBESE
T8201XA,VALVE
T8201XD,VALVE
T8201XS,VALVE
T8202XA,VALVE
T8202XD,VALVE
T8202XS,VALVE
T8203XA,VALVE
T8203XD,VALVE
T8203XS,VALVE
T8209XA,VALVE
T8209XD,VALVE
T8209XS,VALVE
T82221A,VALVE
T82221D,VALVE
T82221S,VALVE
T82222A,VALVE
T82222D,VALVE
T82222S,VALVE
T82223A,VALVE
T82223D,VALVE
T82223S,VALVE
T82228A,VALVE
T82228D,VALVE
T82228S,VALVE
T826XXA,VALVE
T826XXD,VALVE
T826XXS,VALVE
Z21,AIDS
Z4901,RENLFL_SEV
Z4902,RENLFL_SEV
Z4931,RENLFL_SEV
Z4932,RENLFL_SEV
Z6830,OBESE
Z6831,OBESE
Z6832,OBESE
Z6833,OBESE
Z6834,OBESE
Z6835,OBESE
Z6836,OBESE
Z6837,OBESE
Z6838,OBESE
Z6839,OBESE
Z6841,OBESE
Z6842,OBESE
Z6843,OBESE
Z6844,OBESE
Z6845,OBESE
Z6854,OBESE
Z6855,OBESE
Z6856,OBESE
Z9115,RENLFL_SEV
Z91151,RENLFL_SEV
Z91158,RENLFL_SEV
Z940,RENLFL_SEV
Z944,LIVER_SEV
Z952,VALVE
Z953,VALVE
Z954,VALVE
Z95811,HF
Z95812,HF
Z95820,PERIVASC
Z95828,PERIVASC
Z992,RENLFL_SEV
